event,particle,pdg,kinetic_energy_mev,x_mm,y_mm,z_mm,dx,dy,dz
0,mu-,13,700.0,0.0,30.0,910.0,0.9839854697086718,0.06295722980551034,-0.16676025490931767
1,mu-,13,700.0,0.0,30.0,910.0,-0.2285411653023277,0.7243837664651481,0.6504130185074863
2,mu-,13,700.0,0.0,30.0,910.0,0.33441973249035406,0.9049317701727411,-0.2631766210230486
3,mu-,13,700.0,0.0,30.0,910.0,0.5222316400192126,0.8425234719621123,0.13201633745772257
4,mu-,13,700.0,0.0,30.0,910.0,-0.6020599337363851,0.2698561453910491,-0.7514662314329397
5,mu-,13,700.0,0.0,30.0,910.0,0.4541204944982705,0.8822469165429347,0.12415697615168586
6,mu-,13,700.0,0.0,30.0,910.0,-0.6089381422292315,0.7860435122445197,0.10644217113865961
7,mu-,13,700.0,0.0,30.0,910.0,0.3367183621575261,0.21754851227432112,0.9161295701990972
8,mu-,13,700.0,0.0,30.0,910.0,-0.246189642568333,0.1516762290324618,0.9572799911408201
9,mu-,13,700.0,0.0,30.0,910.0,0.5971500695631979,0.8020909212377495,0.007870736220074948
10,mu-,13,700.0,0.0,30.0,910.0,0.3310968580901691,0.8358160302582314,0.4379342806017701
11,mu-,13,700.0,0.0,30.0,910.0,0.9381268756649481,0.13966234435555916,-0.31687914845289566
12,mu-,13,700.0,0.0,30.0,910.0,0.9273921736390347,-0.1921602840562117,-0.3209644552041586
13,mu-,13,700.0,0.0,30.0,910.0,-0.009900084505709164,-0.28794122560773033,0.9575969083713136
14,mu-,13,700.0,0.0,30.0,910.0,0.10917262910783343,-0.04303536606314388,-0.9930907784898089
15,mu-,13,700.0,0.0,30.0,910.0,0.0875762282520415,-0.6651750324272919,0.7415339375109526
16,mu-,13,700.0,0.0,30.0,910.0,0.6215193570916285,0.44858160079534526,-0.6422524707529698
17,mu-,13,700.0,0.0,30.0,910.0,0.7412632463137586,-0.6490839729262167,-0.17093506297628447
18,mu-,13,700.0,0.0,30.0,910.0,-0.08317337019735588,-0.9842217635322829,0.1561720547326464
19,mu-,13,700.0,0.0,30.0,910.0,-0.8357343469446479,-0.12482869694836901,-0.5347577935431846
20,mu-,13,700.0,0.0,30.0,910.0,0.41142028238186495,-0.8095447056436362,0.4187728749682633
21,mu-,13,700.0,0.0,30.0,910.0,0.08753827873338085,0.7842417577057205,0.6142490661181659
22,mu-,13,700.0,0.0,30.0,910.0,0.13953994975889292,0.6507269751482104,0.7463799342397583
23,mu-,13,700.0,0.0,30.0,910.0,-0.7498660512651489,-0.2704224593079564,0.6037984752066285
24,mu-,13,700.0,0.0,30.0,910.0,-0.6604522422621493,-0.4110809625923397,-0.6283432802895681
25,mu-,13,700.0,0.0,30.0,910.0,0.9658158110733001,-0.25664979701935964,0.03647877150816736
26,mu-,13,700.0,0.0,30.0,910.0,0.20499868403662894,0.3423892509128041,-0.9169215562972763
27,mu-,13,700.0,0.0,30.0,910.0,0.12659533152944416,-0.22290461567564657,0.9665853062950225
28,mu-,13,700.0,0.0,30.0,910.0,0.0935230638688911,0.7085309056930857,-0.6994550680367617
29,mu-,13,700.0,0.0,30.0,910.0,0.550053396228844,0.8314529710284746,0.07827654990504485
30,mu-,13,700.0,0.0,30.0,910.0,0.8912464322846662,0.28537461283567245,-0.35247854869302886
31,mu-,13,700.0,0.0,30.0,910.0,0.7978113276739218,0.42926446226871345,0.42335458763113265
32,mu-,13,700.0,0.0,30.0,910.0,0.12864365523461907,-0.07012382193027822,0.9892085015636325
33,mu-,13,700.0,0.0,30.0,910.0,0.11453685061680559,-0.8082034645513405,0.5776577444629247
34,mu-,13,700.0,0.0,30.0,910.0,-0.4176960479142992,-0.8692365588671629,-0.2644953993655632
35,mu-,13,700.0,0.0,30.0,910.0,-0.846416452702296,0.10273565758883484,0.5225175339207782
36,mu-,13,700.0,0.0,30.0,910.0,-0.3374573738053521,-0.3421715695081697,-0.8769499061432817
37,mu-,13,700.0,0.0,30.0,910.0,-0.7218805488878896,-0.5978723298355308,-0.3484783355595489
38,mu-,13,700.0,0.0,30.0,910.0,0.943791015174292,-0.2901482196573813,-0.15834307785922053
39,mu-,13,700.0,0.0,30.0,910.0,0.09484240442244285,-0.7967570683815223,-0.5968107675867218
40,mu-,13,700.0,0.0,30.0,910.0,-0.8604128825229892,-0.3193468798511842,0.3971237110999468
41,mu-,13,700.0,0.0,30.0,910.0,0.27641359889143396,0.4670663828953095,-0.8399074450896227
42,mu-,13,700.0,0.0,30.0,910.0,0.0431675373628133,0.3531667853655199,0.9345639547043396
43,mu-,13,700.0,0.0,30.0,910.0,-0.1762781630328381,0.7184099411361277,-0.6729139363355121
44,mu-,13,700.0,0.0,30.0,910.0,-0.9896775195187031,-0.12258332924461456,0.07424105838828887
45,mu-,13,700.0,0.0,30.0,910.0,0.1152281336689064,0.0023062210371343197,-0.9933363773444062
46,mu-,13,700.0,0.0,30.0,910.0,0.39797447314987044,0.9173627573855231,-0.007867025048448495
47,mu-,13,700.0,0.0,30.0,910.0,0.29280666750795764,-0.9316858573073254,0.21500167152001048
48,mu-,13,700.0,0.0,30.0,910.0,-0.5885244229756756,-0.019113944527349054,-0.8082534631449181
49,mu-,13,700.0,0.0,30.0,910.0,0.24697719268998355,-0.9506640090776095,-0.18772375485127468
50,mu-,13,700.0,0.0,30.0,910.0,-0.3599149557131809,0.20764161535964087,0.9095857212076375
51,mu-,13,700.0,0.0,30.0,910.0,0.6198726321447265,-0.5933904209771191,-0.5134644371429884
52,mu-,13,700.0,0.0,30.0,910.0,-0.1577764783726664,0.28501505375059355,-0.9454485718471766
53,mu-,13,700.0,0.0,30.0,910.0,0.4274155324834705,0.8792194702068613,-0.21044972273927476
54,mu-,13,700.0,0.0,30.0,910.0,-0.9268644278505724,-0.10684609386000353,0.3598697606247159
55,mu-,13,700.0,0.0,30.0,910.0,-0.7394851745678863,0.44837299840467426,-0.5021188414069968
56,mu-,13,700.0,0.0,30.0,910.0,-0.41904254997496765,0.8228769824882027,0.38376661267179935
57,mu-,13,700.0,0.0,30.0,910.0,-0.4870875244509447,0.12342309504590307,-0.8645880424419137
58,mu-,13,700.0,0.0,30.0,910.0,-0.5732145644715111,-0.5472498362394241,-0.6098710353949097
59,mu-,13,700.0,0.0,30.0,910.0,0.5308170853190968,0.6022902171655209,-0.59622119740919
60,mu-,13,700.0,0.0,30.0,910.0,-0.29762789826837205,0.5390697166574042,0.7879222517198365
61,mu-,13,700.0,0.0,30.0,910.0,-0.8834874288547226,-0.21656756189256468,-0.4153895210420955
62,mu-,13,700.0,0.0,30.0,910.0,-0.4391914193415596,-0.8108788540274597,0.38676398651872934
63,mu-,13,700.0,0.0,30.0,910.0,-0.05006182490836043,0.8008358340835641,0.5967878857136151
64,mu-,13,700.0,0.0,30.0,910.0,-0.6493399133790231,0.7463036829102329,-0.1462480419272183
65,mu-,13,700.0,0.0,30.0,910.0,-0.8932132140740664,-0.44839304750101844,0.03337407910677581
66,mu-,13,700.0,0.0,30.0,910.0,0.879269658114742,0.4000288207680507,0.2585765087429779
67,mu-,13,700.0,0.0,30.0,910.0,-0.24873426154628245,-0.9336976920083917,-0.2575653064199994
68,mu-,13,700.0,0.0,30.0,910.0,-0.008726009779694208,-0.36910830127421745,-0.9293454248468576
69,mu-,13,700.0,0.0,30.0,910.0,-0.7571137426009475,0.5371605331874744,0.3718028272492484
70,mu-,13,700.0,0.0,30.0,910.0,-0.089517334844115,0.9907837328960176,-0.10165747090617328
71,mu-,13,700.0,0.0,30.0,910.0,-0.8736235867565924,0.10810408098263187,0.4744421317056986
72,mu-,13,700.0,0.0,30.0,910.0,0.8678330112931897,0.16189266211534228,-0.4697410248881848
73,mu-,13,700.0,0.0,30.0,910.0,0.8360164384987046,-0.4528411550544947,-0.30985706841841276
74,mu-,13,700.0,0.0,30.0,910.0,-0.6592650131622977,-0.6642751850424755,0.3522898252247717
75,mu-,13,700.0,0.0,30.0,910.0,0.4878199479646518,0.0949798437971786,0.8677617919913436
76,mu-,13,700.0,0.0,30.0,910.0,0.37200034430236134,0.9053322440308199,0.20491283941482186
77,mu-,13,700.0,0.0,30.0,910.0,0.4063992235250069,0.8901447858675025,-0.20611145361471217
78,mu-,13,700.0,0.0,30.0,910.0,0.7761332605752207,-0.5536875219229076,-0.3017404346383601
79,mu-,13,700.0,0.0,30.0,910.0,0.5077091962114865,-0.734182986811628,0.4507845538155044
80,mu-,13,700.0,0.0,30.0,910.0,-0.16592658451951103,0.5016094704138918,-0.8490325716607017
81,mu-,13,700.0,0.0,30.0,910.0,0.796373369748025,0.20688254929959196,0.5683212707188403
82,mu-,13,700.0,0.0,30.0,910.0,0.6827131989623392,0.38576436818210386,-0.620555025927332
83,mu-,13,700.0,0.0,30.0,910.0,0.0859854005464178,0.7676188263842412,0.6351124689953365
84,mu-,13,700.0,0.0,30.0,910.0,0.9847263553694295,0.08594805934767392,-0.15141643284402373
85,mu-,13,700.0,0.0,30.0,910.0,-0.6323586246941244,-0.05575410594851648,-0.7726668424650025
86,mu-,13,700.0,0.0,30.0,910.0,-0.43990802285037767,0.6833985573248559,0.5826210975223753
87,mu-,13,700.0,0.0,30.0,910.0,0.901958819846131,0.23649612280280943,-0.36130301853293867
88,mu-,13,700.0,0.0,30.0,910.0,0.3565748782347802,0.4812744711174137,-0.8007679062390709
89,mu-,13,700.0,0.0,30.0,910.0,-0.7325451400208505,-0.3438600215376503,-0.5874843856818317
90,mu-,13,700.0,0.0,30.0,910.0,0.9499728178104581,-0.13381850510996912,-0.28221313419362937
91,mu-,13,700.0,0.0,30.0,910.0,0.5585410655237579,-0.7082357212384146,-0.4317800844011772
92,mu-,13,700.0,0.0,30.0,910.0,-0.5687504542708186,-0.09964857745060973,-0.8164515183272105
93,mu-,13,700.0,0.0,30.0,910.0,-0.5473939529344762,-0.8310048284632724,0.09894865012467657
94,mu-,13,700.0,0.0,30.0,910.0,-0.9725630337680863,-0.14771316205305698,-0.17972748010280304
95,mu-,13,700.0,0.0,30.0,910.0,0.4819094158671528,0.6775280127448027,0.5556249696014912
96,mu-,13,700.0,0.0,30.0,910.0,-0.8490229642551539,-0.5245577682622172,0.06323886402485113
97,mu-,13,700.0,0.0,30.0,910.0,0.4263088139794642,0.7077060134887514,0.5633941724896361
98,mu-,13,700.0,0.0,30.0,910.0,0.9735838550375594,0.1515008519838422,-0.17082730770686094
99,mu-,13,700.0,0.0,30.0,910.0,0.638774995306855,-0.6973296731915605,0.325112030317672
100,mu-,13,700.0,0.0,30.0,910.0,0.3866916800552635,-0.8744442985435439,-0.2929448980964291
101,mu-,13,700.0,0.0,30.0,910.0,0.9433085908071805,0.1013747678880799,0.31605705014286434
102,mu-,13,700.0,0.0,30.0,910.0,0.9572876923979995,0.2829445883495668,-0.059520029460738755
103,mu-,13,700.0,0.0,30.0,910.0,0.29018668434493095,-0.8810492008221067,-0.37355587796154754
104,mu-,13,700.0,0.0,30.0,910.0,-0.607381469619764,-0.26451343154605356,-0.7490796986264325
105,mu-,13,700.0,0.0,30.0,910.0,0.3567694692515552,0.2944872469337901,-0.8865623538157485
106,mu-,13,700.0,0.0,30.0,910.0,0.35089324496186003,0.24303032400921976,0.9043285864397463
107,mu-,13,700.0,0.0,30.0,910.0,0.7052882785410485,-0.27885829332250833,-0.6517718131354426
108,mu-,13,700.0,0.0,30.0,910.0,0.1931187035250702,0.903633360237678,-0.38229820378123525
109,mu-,13,700.0,0.0,30.0,910.0,-0.5904238580405209,0.0027438309756892877,-0.8070886811547562
110,mu-,13,700.0,0.0,30.0,910.0,0.08807179376570881,0.4625315365229711,-0.8822176244354847
111,mu-,13,700.0,0.0,30.0,910.0,-0.025350328837651842,-0.830954099038887,-0.5557631205093538
112,mu-,13,700.0,0.0,30.0,910.0,-0.6269674263056061,-0.38767025678894723,-0.6757393124222655
113,mu-,13,700.0,0.0,30.0,910.0,0.85557123596177,-0.033232464058500735,-0.5166173279395976
114,mu-,13,700.0,0.0,30.0,910.0,0.17097773617101314,-0.08867442063685958,0.9812764446671247
115,mu-,13,700.0,0.0,30.0,910.0,-0.5659669391943913,-0.19852973798970294,0.800167086846661
116,mu-,13,700.0,0.0,30.0,910.0,-0.3237721268468753,-0.3906729388786854,0.8617112420671682
117,mu-,13,700.0,0.0,30.0,910.0,-0.08102648095604488,-0.7275824446270737,-0.681218390572635
118,mu-,13,700.0,0.0,30.0,910.0,0.7125910479672815,0.06488278997976493,0.6985729896877872
119,mu-,13,700.0,0.0,30.0,910.0,0.1694283473815893,-0.7739487302542747,-0.6101617802200818
120,mu-,13,700.0,0.0,30.0,910.0,-0.7837362729008447,-0.3136155649553839,0.5360995541475557
121,mu-,13,700.0,0.0,30.0,910.0,-0.06270582323233027,0.6522798022278825,-0.7553800628414218
122,mu-,13,700.0,0.0,30.0,910.0,0.8425809881543536,-0.10330385555929114,-0.5285693822266084
123,mu-,13,700.0,0.0,30.0,910.0,-0.5724694074287706,0.6086811817318865,-0.549350522493268
124,mu-,13,700.0,0.0,30.0,910.0,-0.4804092012007012,-0.7913743144539771,0.3780657268573837
125,mu-,13,700.0,0.0,30.0,910.0,-0.579802441818929,-0.8052065041468746,0.12438494338293782
126,mu-,13,700.0,0.0,30.0,910.0,0.585964337479585,-0.35174916375410326,0.7300125485225579
127,mu-,13,700.0,0.0,30.0,910.0,0.6107785702019376,0.1170225940583501,-0.7831061554233445
128,mu-,13,700.0,0.0,30.0,910.0,0.47495941646545226,-0.30030877481140605,0.8271808704763846
129,mu-,13,700.0,0.0,30.0,910.0,-0.779225935607388,0.5684094802362748,-0.2640409135992352
130,mu-,13,700.0,0.0,30.0,910.0,-0.8183871859286971,0.4398587931078484,0.36981976155069796
131,mu-,13,700.0,0.0,30.0,910.0,0.003074191441396484,0.6283257158125032,-0.7779443066156388
132,mu-,13,700.0,0.0,30.0,910.0,-0.8413137399344782,-0.3716012949568192,-0.39256040119181157
133,mu-,13,700.0,0.0,30.0,910.0,-0.10083952279882072,-0.7466074194776338,-0.6575779435341902
134,mu-,13,700.0,0.0,30.0,910.0,-0.2565679640274915,0.22664083946997426,0.9395779955486043
135,mu-,13,700.0,0.0,30.0,910.0,-0.6489043078875554,-0.7477610118337378,0.14062954307810727
136,mu-,13,700.0,0.0,30.0,910.0,-0.552951699563322,-0.5822993963658015,0.5959629442692362
137,mu-,13,700.0,0.0,30.0,910.0,-0.18417896086746244,-0.9823372300069615,0.03304053443925836
138,mu-,13,700.0,0.0,30.0,910.0,0.2830359420109351,-0.11248791686360744,-0.9524899600991439
139,mu-,13,700.0,0.0,30.0,910.0,-0.20868541149434106,-0.5664082694996294,0.7972653706714425
140,mu-,13,700.0,0.0,30.0,910.0,-0.5652373867366213,-0.5695454346136252,-0.5967618407253701
141,mu-,13,700.0,0.0,30.0,910.0,-0.2646673122381726,0.19819965884903754,-0.9437521438729275
142,mu-,13,700.0,0.0,30.0,910.0,-0.7620455919881071,-0.3085909010353933,-0.569261075017131
143,mu-,13,700.0,0.0,30.0,910.0,0.7248967242753367,0.4747405385808215,-0.49914542987277555
144,mu-,13,700.0,0.0,30.0,910.0,-0.006463975020695333,0.8090325726206922,0.5877282649878908
145,mu-,13,700.0,0.0,30.0,910.0,0.9874816251441302,0.10304743478956896,0.11942054340019159
146,mu-,13,700.0,0.0,30.0,910.0,0.24214589780349086,-0.9619019764317746,0.12692498537950425
147,mu-,13,700.0,0.0,30.0,910.0,-0.38852835807383296,0.7239905270728781,0.5699854662017159
148,mu-,13,700.0,0.0,30.0,910.0,-0.5169336807044588,-0.42478848660702934,-0.7431919747948375
149,mu-,13,700.0,0.0,30.0,910.0,-0.2057604362664016,0.8988354868410249,-0.38698502614793506
150,mu-,13,700.0,0.0,30.0,910.0,-0.6385005094961276,0.5061446301325563,-0.5797712589988946
151,mu-,13,700.0,0.0,30.0,910.0,-0.7586601929478803,0.5400363560353446,0.3644110945022825
152,mu-,13,700.0,0.0,30.0,910.0,-0.132792909824821,-0.946878449676946,0.29289459646371085
153,mu-,13,700.0,0.0,30.0,910.0,-0.7077684756277642,-0.33735752790118584,0.6206880724453723
154,mu-,13,700.0,0.0,30.0,910.0,-0.19583497548519438,-0.0025515903344960358,0.9806335461136735
155,mu-,13,700.0,0.0,30.0,910.0,-0.543176733628665,-0.8363184670319428,0.07436704744599942
156,mu-,13,700.0,0.0,30.0,910.0,-0.09928735072968102,-0.3187927472272777,0.9426097847467776
157,mu-,13,700.0,0.0,30.0,910.0,0.2998268604420675,0.4637913684472012,0.833667451872343
158,mu-,13,700.0,0.0,30.0,910.0,-0.28442083088746883,-0.9459215636737967,-0.1560038023068715
159,mu-,13,700.0,0.0,30.0,910.0,0.42648451323334424,-0.7755542624922545,0.465431569516092
160,mu-,13,700.0,0.0,30.0,910.0,-0.3496745496142163,0.8120174353217181,-0.467285131462188
161,mu-,13,700.0,0.0,30.0,910.0,-0.7679346973456049,0.6162850230833508,-0.17455391985248614
162,mu-,13,700.0,0.0,30.0,910.0,-0.44635539345612824,0.3703896237202352,-0.8146032097733273
163,mu-,13,700.0,0.0,30.0,910.0,-0.06337441961607206,-0.9564966777965951,0.2847767341311478
164,mu-,13,700.0,0.0,30.0,910.0,-0.6109731004121296,-0.5786563790966391,-0.5402487070818001
165,mu-,13,700.0,0.0,30.0,910.0,0.4837089350842475,0.7168069515842703,0.5022085824437181
166,mu-,13,700.0,0.0,30.0,910.0,0.12717350204071676,0.20074148655156984,-0.971354598463283
167,mu-,13,700.0,0.0,30.0,910.0,0.79867781888413,-0.4837866168457006,0.3578606586137687
168,mu-,13,700.0,0.0,30.0,910.0,-0.3699874233221452,0.9012603239384922,-0.22547535359263504
169,mu-,13,700.0,0.0,30.0,910.0,-0.3906787779475485,0.8846390090344526,0.2545268476132758
170,mu-,13,700.0,0.0,30.0,910.0,0.011501877360401223,0.3880204693361539,-0.9215789831551808
171,mu-,13,700.0,0.0,30.0,910.0,-0.9453418797838091,0.2566984004767329,0.20108371768868105
172,mu-,13,700.0,0.0,30.0,910.0,-0.741683819760759,0.5967791898949395,-0.30620207382287523
173,mu-,13,700.0,0.0,30.0,910.0,0.0750773750112856,-0.6838366315013895,-0.7257622538946535
174,mu-,13,700.0,0.0,30.0,910.0,-0.3563959420215808,-0.8997281462789091,-0.2519349029095965
175,mu-,13,700.0,0.0,30.0,910.0,0.8019549732263545,-0.5817947791728517,0.13558412829210442
176,mu-,13,700.0,0.0,30.0,910.0,0.5427549459014442,0.5948924964694711,0.5928912095349708
177,mu-,13,700.0,0.0,30.0,910.0,0.9928296268679462,0.06964760726069012,-0.09715216320862696
178,mu-,13,700.0,0.0,30.0,910.0,0.10373073994864455,0.8537886284074349,0.5101812536656534
179,mu-,13,700.0,0.0,30.0,910.0,0.0465051819105633,0.29881617652694326,0.9531768779724381
180,mu-,13,700.0,0.0,30.0,910.0,-0.9984688861345136,0.05282149663236411,0.01642476528967496
181,mu-,13,700.0,0.0,30.0,910.0,-0.6247491762636065,-0.425565229799877,0.6546622808313636
182,mu-,13,700.0,0.0,30.0,910.0,-0.27430109215579784,0.5863576267115969,0.7621965917263605
183,mu-,13,700.0,0.0,30.0,910.0,0.23315702639167746,0.5454923312939508,-0.8050316251823162
184,mu-,13,700.0,0.0,30.0,910.0,-0.11121457003026701,-0.40521366958737703,-0.9074322020914372
185,mu-,13,700.0,0.0,30.0,910.0,0.027182013966278836,-0.9277869566534973,0.3721189341868787
186,mu-,13,700.0,0.0,30.0,910.0,0.5844087276703156,0.5855755331756041,0.5617541579453329
187,mu-,13,700.0,0.0,30.0,910.0,-0.26496919601514785,-0.41223463720927267,-0.8716960072456599
188,mu-,13,700.0,0.0,30.0,910.0,-0.03520449384947465,0.0578056135289067,-0.997706948285592
189,mu-,13,700.0,0.0,30.0,910.0,-0.5664559082670101,-0.805225945913698,0.17532506956162086
190,mu-,13,700.0,0.0,30.0,910.0,0.9241349657998437,-0.30417685280748114,0.23119473869934337
191,mu-,13,700.0,0.0,30.0,910.0,-0.11677716623050595,0.29205988493870866,0.9492439713038798
192,mu-,13,700.0,0.0,30.0,910.0,0.9206212022018407,0.12467951030848805,-0.3700157047554513
193,mu-,13,700.0,0.0,30.0,910.0,-0.6037886437256297,0.24710552770892258,-0.7578773857845738
194,mu-,13,700.0,0.0,30.0,910.0,0.08616588298941559,0.9551133169673807,0.2834325181771178
195,mu-,13,700.0,0.0,30.0,910.0,-0.23788218954426552,-0.5491799504941364,-0.8011326019285971
196,mu-,13,700.0,0.0,30.0,910.0,-0.9388063117273263,-0.002267323250857151,0.34443804712344184
197,mu-,13,700.0,0.0,30.0,910.0,0.2278621329172986,0.657580611506386,-0.7180992882277957
198,mu-,13,700.0,0.0,30.0,910.0,0.5332503583411116,-0.7074841826853827,-0.4637997267992642
199,mu-,13,700.0,0.0,30.0,910.0,0.5002545664191898,0.15273658380721042,0.8523009472854359
200,mu-,13,700.0,0.0,30.0,910.0,0.41535342128425,-0.2538584042024685,0.8735201463293474
201,mu-,13,700.0,0.0,30.0,910.0,0.08499852076828854,0.8060359889999649,0.5857313683797816
202,mu-,13,700.0,0.0,30.0,910.0,0.1287454124830946,-0.33332424600066873,0.9339804954026842
203,mu-,13,700.0,0.0,30.0,910.0,0.6752308899582277,0.15442935004387645,-0.7212591913391786
204,mu-,13,700.0,0.0,30.0,910.0,-0.8511169651729934,-0.46482340056621724,-0.2440063890162949
205,mu-,13,700.0,0.0,30.0,910.0,0.2976011336688429,-0.08723024254879577,-0.9506968234005506
206,mu-,13,700.0,0.0,30.0,910.0,-0.9332322325867293,-0.09817442799473523,0.3456000314657035
207,mu-,13,700.0,0.0,30.0,910.0,0.7910180758973071,0.6115800675407516,-0.0161314782512878
208,mu-,13,700.0,0.0,30.0,910.0,-0.04618775396663311,-0.8673459742518131,0.4955579202602769
209,mu-,13,700.0,0.0,30.0,910.0,0.103770764232278,-0.27736447433975747,-0.955144270183766
210,mu-,13,700.0,0.0,30.0,910.0,0.8734171259175356,-0.3902066648304781,-0.2913439254143231
211,mu-,13,700.0,0.0,30.0,910.0,0.22519505734410378,0.9216921426953038,-0.31586512982842185
212,mu-,13,700.0,0.0,30.0,910.0,-0.38907278563084613,0.6917567524233491,-0.6083543070926307
213,mu-,13,700.0,0.0,30.0,910.0,0.2679131208346111,0.43720377905355157,-0.8585309634870208
214,mu-,13,700.0,0.0,30.0,910.0,-0.9452725597357143,-0.3216197725452641,-0.054959164100474966
215,mu-,13,700.0,0.0,30.0,910.0,0.6708314009742935,0.732629426372801,0.11506239646177718
216,mu-,13,700.0,0.0,30.0,910.0,0.1872554374743993,0.2468808086632957,-0.9507813983508662
217,mu-,13,700.0,0.0,30.0,910.0,0.3938919425148714,0.4544490673952762,0.7989525535133015
218,mu-,13,700.0,0.0,30.0,910.0,-0.8741165919942464,-0.3177938928837141,0.36732441417115
219,mu-,13,700.0,0.0,30.0,910.0,0.9037749393020986,-0.3783289472522703,0.20014511425582393
220,mu-,13,700.0,0.0,30.0,910.0,-0.25628464941961265,-0.8339774895856337,-0.4886713878838318
221,mu-,13,700.0,0.0,30.0,910.0,-0.6774069923342548,0.7347715642922239,0.03507869786946327
222,mu-,13,700.0,0.0,30.0,910.0,0.289046098045865,0.9366558847790802,-0.19780825744437114
223,mu-,13,700.0,0.0,30.0,910.0,0.5301768192408752,-0.2856231239027502,-0.7983307406280071
224,mu-,13,700.0,0.0,30.0,910.0,0.4631862313725376,0.840654466315658,0.2806395968683719
225,mu-,13,700.0,0.0,30.0,910.0,0.31710676036602053,0.7293373639813442,0.6062262878091906
226,mu-,13,700.0,0.0,30.0,910.0,-0.8091352971279044,-0.4898814940860458,0.3245245640837706
227,mu-,13,700.0,0.0,30.0,910.0,-0.685550722412317,0.4215629238083361,0.5935527847379012
228,mu-,13,700.0,0.0,30.0,910.0,-0.07984744037428551,-0.40591508941222015,0.9104160183416943
229,mu-,13,700.0,0.0,30.0,910.0,0.720608170102168,0.685853872067784,-0.10162839835219639
230,mu-,13,700.0,0.0,30.0,910.0,0.5896242605374744,0.6467497523400758,-0.483795400178306
231,mu-,13,700.0,0.0,30.0,910.0,0.3434756773215592,-0.9382073632976103,0.04232496358701021
232,mu-,13,700.0,0.0,30.0,910.0,-0.5699577773502644,-0.663736018902898,0.48435795569896256
233,mu-,13,700.0,0.0,30.0,910.0,-0.17598029416201685,0.9734619129980919,-0.14629709501130006
234,mu-,13,700.0,0.0,30.0,910.0,-0.3772612580572519,-0.6987873722277915,0.6077583003004052
235,mu-,13,700.0,0.0,30.0,910.0,-0.8824380946075098,-0.33798870059013614,0.3272104024306972
236,mu-,13,700.0,0.0,30.0,910.0,-0.6900747618770753,-0.4311377605410243,0.5813063344364726
237,mu-,13,700.0,0.0,30.0,910.0,-0.6171422009711554,0.6285672771255627,-0.47332724610720867
238,mu-,13,700.0,0.0,30.0,910.0,-0.2393688839269601,0.8932552712565414,-0.38052274278939535
239,mu-,13,700.0,0.0,30.0,910.0,-0.14452038983072998,-0.5866492051392004,0.7968416197919874
240,mu-,13,700.0,0.0,30.0,910.0,-0.9278701855978099,0.2956566455380692,0.22725330938814126
241,mu-,13,700.0,0.0,30.0,910.0,0.7892747787642101,0.6133442546221298,-0.029225826399458477
242,mu-,13,700.0,0.0,30.0,910.0,-0.8504923027455322,-0.5235195948607816,-0.05089279681256653
243,mu-,13,700.0,0.0,30.0,910.0,-0.9531237026075746,-0.04334364182840958,-0.2994604084694308
244,mu-,13,700.0,0.0,30.0,910.0,0.04549092367310618,-0.027684337177702315,0.99858106998801
245,mu-,13,700.0,0.0,30.0,910.0,0.5028821945799277,-0.17740642205527832,-0.8459529891122912
246,mu-,13,700.0,0.0,30.0,910.0,0.3083324597473137,-0.7470310008836457,0.588961609941556
247,mu-,13,700.0,0.0,30.0,910.0,0.20370902266670457,0.7663999405857999,0.6092074894108399
248,mu-,13,700.0,0.0,30.0,910.0,-0.4251951551709704,-0.5268475844554483,-0.7359624329900227
249,mu-,13,700.0,0.0,30.0,910.0,0.6052183191544798,0.4513242636752931,0.6557569634992684
250,mu-,13,700.0,0.0,30.0,910.0,0.2250223679121619,-0.07786623593344776,-0.971237243540815
251,mu-,13,700.0,0.0,30.0,910.0,-0.04109919872585544,0.570826786634829,0.82004124013628
252,mu-,13,700.0,0.0,30.0,910.0,-0.22628918884463795,0.7181219259725053,0.6580988546180393
253,mu-,13,700.0,0.0,30.0,910.0,0.7279560203059207,0.05946613295584863,0.6830401243936137
254,mu-,13,700.0,0.0,30.0,910.0,0.15419598341683524,0.9639656217362838,0.21678071595207649
255,mu-,13,700.0,0.0,30.0,910.0,0.9504656233592417,0.15093251141875622,0.27172500033886315
256,mu-,13,700.0,0.0,30.0,910.0,0.7738933819816844,0.5607024562247257,0.29445167499695124
257,mu-,13,700.0,0.0,30.0,910.0,0.8991303868007912,0.42290623208644357,-0.11276021636156419
258,mu-,13,700.0,0.0,30.0,910.0,0.5416165292713987,0.8077463496191751,-0.23280328583785392
259,mu-,13,700.0,0.0,30.0,910.0,-0.9218283887005653,0.17848670525469948,-0.34405656196771117
260,mu-,13,700.0,0.0,30.0,910.0,-0.6331020305601198,-0.7056293987236286,0.3182278594931365
261,mu-,13,700.0,0.0,30.0,910.0,0.6010047843699092,-0.7978578476106237,0.04707551561715961
262,mu-,13,700.0,0.0,30.0,910.0,0.6072233434475031,0.7742522954858522,-0.1783625356046623
263,mu-,13,700.0,0.0,30.0,910.0,-0.5792394419224984,0.7260611390208789,0.37056293841264876
264,mu-,13,700.0,0.0,30.0,910.0,-0.3809015155177384,0.3143480556832148,0.8695397261565871
265,mu-,13,700.0,0.0,30.0,910.0,-0.12997783019350323,0.19424796151684579,-0.9723031899077257
266,mu-,13,700.0,0.0,30.0,910.0,-0.3898097373040887,0.05426256540191959,0.9192953511787818
267,mu-,13,700.0,0.0,30.0,910.0,-0.5155255044107365,0.5632962852029628,0.6457017495551627
268,mu-,13,700.0,0.0,30.0,910.0,0.8672340834843137,0.4482057899617795,0.21683314849870028
269,mu-,13,700.0,0.0,30.0,910.0,0.6380226462798735,0.4887240460842638,-0.5950427796495423
270,mu-,13,700.0,0.0,30.0,910.0,-0.43665033619863025,0.8782482751778921,-0.19497807836954562
271,mu-,13,700.0,0.0,30.0,910.0,-0.5900437813932653,-0.7990508785737389,0.11561154565904097
272,mu-,13,700.0,0.0,30.0,910.0,-0.09722993821512806,0.8485287374256766,-0.5201397128440295
273,mu-,13,700.0,0.0,30.0,910.0,0.22353330909117386,0.21435797637010298,-0.9508330651030517
274,mu-,13,700.0,0.0,30.0,910.0,0.7831849850089766,-0.5748062014020896,-0.23710569391347325
275,mu-,13,700.0,0.0,30.0,910.0,-0.6542989430322393,0.428016410974849,-0.6234539638843462
276,mu-,13,700.0,0.0,30.0,910.0,-0.19090698829429803,-0.11911119324726431,-0.9743546815526745
277,mu-,13,700.0,0.0,30.0,910.0,-0.4821794297339218,0.8616365738934176,-0.15838374938952193
278,mu-,13,700.0,0.0,30.0,910.0,-0.13882806350319662,0.9654962688446774,-0.22032640248267743
279,mu-,13,700.0,0.0,30.0,910.0,0.3916593127597028,0.9015583581555304,-0.18383555033915977
280,mu-,13,700.0,0.0,30.0,910.0,0.8264302083935764,-0.36917973875494076,0.42511108095106587
281,mu-,13,700.0,0.0,30.0,910.0,-0.38838214953330663,0.43266464843128577,0.8136096164142359
282,mu-,13,700.0,0.0,30.0,910.0,0.025415917053311757,-0.21289300234232958,-0.9767449005313558
283,mu-,13,700.0,0.0,30.0,910.0,-0.9570240693756876,-0.2796248818096957,-0.07690810170920126
284,mu-,13,700.0,0.0,30.0,910.0,0.35868618863762264,-0.8799181409828803,0.31158992803017194
285,mu-,13,700.0,0.0,30.0,910.0,-0.9157173955579286,0.4002172133529066,0.035886398657961616
286,mu-,13,700.0,0.0,30.0,910.0,0.6525580474285894,0.1756959953221957,-0.7370881303914274
287,mu-,13,700.0,0.0,30.0,910.0,0.41897371313999426,0.6137250246602495,-0.6691805599413823
288,mu-,13,700.0,0.0,30.0,910.0,-0.4309637178803616,-0.1924789050483824,0.8816020332225374
289,mu-,13,700.0,0.0,30.0,910.0,-0.13578979121613982,0.29713170498596575,-0.9451316746853902
290,mu-,13,700.0,0.0,30.0,910.0,0.4982891486207654,-0.8489525011209024,-0.17603288104032444
291,mu-,13,700.0,0.0,30.0,910.0,-0.9425371165732442,-0.285550147374999,-0.17344998476768758
292,mu-,13,700.0,0.0,30.0,910.0,-0.39106797456311854,0.79017466298076,-0.47190024502466876
293,mu-,13,700.0,0.0,30.0,910.0,0.11131701334647194,-0.5302441545599592,-0.8405055973011812
294,mu-,13,700.0,0.0,30.0,910.0,-0.11661374753574032,-0.992932550780083,-0.02204956886264653
295,mu-,13,700.0,0.0,30.0,910.0,0.8388186483453189,0.5249299355401845,0.1443323870858857
296,mu-,13,700.0,0.0,30.0,910.0,-0.37839009738460255,0.8019285667699857,-0.4623110511327926
297,mu-,13,700.0,0.0,30.0,910.0,-0.46960531481079476,0.6773233662795329,0.5663072538765648
298,mu-,13,700.0,0.0,30.0,910.0,0.10533789103396979,-0.34874691861745244,0.9312784306894193
299,mu-,13,700.0,0.0,30.0,910.0,-0.9062123650360625,-0.18228463242317114,0.3815120735154991
300,mu-,13,700.0,0.0,30.0,910.0,-0.48830905934471514,0.7832732245037071,0.38475618037589054
301,mu-,13,700.0,0.0,30.0,910.0,0.381088069337589,-0.47104457556487317,-0.7955431422867383
302,mu-,13,700.0,0.0,30.0,910.0,0.9626267816532161,-0.2584623860200949,-0.08091275707062984
303,mu-,13,700.0,0.0,30.0,910.0,-0.7908722111246144,-0.3990802957158709,0.4639569627047282
304,mu-,13,700.0,0.0,30.0,910.0,-0.38645205709787295,-0.9107049384841195,-0.1458469148986652
305,mu-,13,700.0,0.0,30.0,910.0,-0.5175688784122382,0.6831143211919816,-0.5152448740953333
306,mu-,13,700.0,0.0,30.0,910.0,0.3894661633520312,-0.8474641013756788,-0.3607224757114007
307,mu-,13,700.0,0.0,30.0,910.0,0.35769762326275545,0.2503190585263493,0.8996625918924595
308,mu-,13,700.0,0.0,30.0,910.0,-0.18596174643235386,0.24705522706637542,-0.9509899808320856
309,mu-,13,700.0,0.0,30.0,910.0,-0.8606043286499794,0.3548989051603738,0.36524917060122974
310,mu-,13,700.0,0.0,30.0,910.0,0.8370651399007432,-0.16974593139505825,0.520104095674869
311,mu-,13,700.0,0.0,30.0,910.0,-0.47452956718231903,-0.8149959788101209,0.33257066075210884
312,mu-,13,700.0,0.0,30.0,910.0,-0.6028405251610648,-0.35671619509457053,-0.7136783991272146
313,mu-,13,700.0,0.0,30.0,910.0,0.32630922222176495,0.9101605574642694,0.255205899479924
314,mu-,13,700.0,0.0,30.0,910.0,-0.13847829520265623,-0.28589662507934244,-0.9482019202290237
315,mu-,13,700.0,0.0,30.0,910.0,-0.0988730172894113,-0.13027138639125638,0.9865361079756725
316,mu-,13,700.0,0.0,30.0,910.0,0.5499331804599069,-0.582609790883645,-0.5984474317730564
317,mu-,13,700.0,0.0,30.0,910.0,-0.5053716163485508,0.781994581478752,-0.3648068035647425
318,mu-,13,700.0,0.0,30.0,910.0,0.21321382357910798,-0.749353022065799,0.6269050277000745
319,mu-,13,700.0,0.0,30.0,910.0,0.37930941727739126,-0.3355252350825204,0.8622918198542215
320,mu-,13,700.0,0.0,30.0,910.0,0.012937249471870221,0.09628143880867741,-0.9952700699393273
321,mu-,13,700.0,0.0,30.0,910.0,0.1126671384900626,0.979715978254423,0.1657187915036793
322,mu-,13,700.0,0.0,30.0,910.0,-0.061050268648188084,-0.7093962340175792,0.7021608418729002
323,mu-,13,700.0,0.0,30.0,910.0,0.806167639891176,-0.2964356816748011,0.5120738452823841
324,mu-,13,700.0,0.0,30.0,910.0,0.8857447507958488,-0.2072228986200201,0.41534913834642384
325,mu-,13,700.0,0.0,30.0,910.0,0.6558468667079773,0.7519145524015026,-0.06700293513105704
326,mu-,13,700.0,0.0,30.0,910.0,0.9480372877640607,-0.3164218990630453,0.033203656459786624
327,mu-,13,700.0,0.0,30.0,910.0,-0.4264202310899834,0.8752014164328517,0.2284475151782035
328,mu-,13,700.0,0.0,30.0,910.0,0.3965173262484425,0.4449644828178262,-0.80298232795962
329,mu-,13,700.0,0.0,30.0,910.0,-0.16040354819844732,-0.6360728368248696,-0.7547728452845341
330,mu-,13,700.0,0.0,30.0,910.0,-0.8611049007170809,0.3751608362635331,-0.3431511283604831
331,mu-,13,700.0,0.0,30.0,910.0,-0.15252708232727036,0.26885600511430774,0.9510267807326487
332,mu-,13,700.0,0.0,30.0,910.0,-0.5548285203958827,0.7732471883805069,0.30700830382410893
333,mu-,13,700.0,0.0,30.0,910.0,-0.8714870803463639,0.4337951160750375,-0.22876202932045997
334,mu-,13,700.0,0.0,30.0,910.0,0.7376391646426875,0.666031300666427,-0.11086374212440009
335,mu-,13,700.0,0.0,30.0,910.0,-0.8997179243163043,-0.33182236836086737,0.28355171048566374
336,mu-,13,700.0,0.0,30.0,910.0,0.621759882718631,-0.10070462845178153,-0.7767066537954357
337,mu-,13,700.0,0.0,30.0,910.0,-0.03532371139571551,0.22372380857421767,0.9740122652668595
338,mu-,13,700.0,0.0,30.0,910.0,0.18138002542817,-0.9303322719243851,-0.3187211166391215
339,mu-,13,700.0,0.0,30.0,910.0,-0.9137582183153535,-0.40606981674918063,0.012378303051613804
340,mu-,13,700.0,0.0,30.0,910.0,0.0088609090200123,-0.8486815258219336,0.5288299840401391
341,mu-,13,700.0,0.0,30.0,910.0,-0.8801767508580418,0.07132585183994525,-0.4692563373128664
342,mu-,13,700.0,0.0,30.0,910.0,0.5809178903531225,-0.5263195232696877,0.6209043115431285
343,mu-,13,700.0,0.0,30.0,910.0,0.20916633562574424,-0.6481384328030001,0.7322335801945781
344,mu-,13,700.0,0.0,30.0,910.0,0.9358724153205127,0.15492748559435876,0.3164495164312304
345,mu-,13,700.0,0.0,30.0,910.0,-0.24504500627077203,-0.9315752648599409,-0.2685525475635786
346,mu-,13,700.0,0.0,30.0,910.0,0.7914651834809493,0.3305746665887079,-0.5141043212687788
347,mu-,13,700.0,0.0,30.0,910.0,0.11292121157795101,-0.97566513977279,0.18795301276624898
348,mu-,13,700.0,0.0,30.0,910.0,-0.016922563383927905,-0.12283900570631787,0.9922823214819461
349,mu-,13,700.0,0.0,30.0,910.0,0.9746320207990291,0.19890975831943675,-0.10260278786906407
350,mu-,13,700.0,0.0,30.0,910.0,0.7278182083557675,-0.5837914898342564,0.3598168311556589
351,mu-,13,700.0,0.0,30.0,910.0,-0.9228941207858341,-0.38336617507117915,0.03601135418498469
352,mu-,13,700.0,0.0,30.0,910.0,-0.24896910487228993,0.5223219496844567,-0.8155943634533767
353,mu-,13,700.0,0.0,30.0,910.0,0.32077038364576604,-0.9290743211442869,0.18419355788417335
354,mu-,13,700.0,0.0,30.0,910.0,0.46014131161781463,-0.8155654128280134,-0.3508889151017873
355,mu-,13,700.0,0.0,30.0,910.0,-0.9262345856085412,-0.333125420185743,0.1763999627229158
356,mu-,13,700.0,0.0,30.0,910.0,-0.27098694638332504,-0.7542013811382522,-0.5981190112168262
357,mu-,13,700.0,0.0,30.0,910.0,-0.6035240484373701,0.3295831085987908,-0.7260397354719126
358,mu-,13,700.0,0.0,30.0,910.0,0.4281758311915018,-0.4680804121776321,0.773024052225469
359,mu-,13,700.0,0.0,30.0,910.0,0.15876252720154238,0.4294711464053843,0.8890157447209945
360,mu-,13,700.0,0.0,30.0,910.0,-0.5765481548885949,0.11471978265377442,0.808969465778794
361,mu-,13,700.0,0.0,30.0,910.0,0.5897274065107136,-0.4492691141510395,-0.6711027112745767
362,mu-,13,700.0,0.0,30.0,910.0,0.42873785761715205,-0.07284958382257166,0.9004869724669717
363,mu-,13,700.0,0.0,30.0,910.0,0.1505384767766766,0.9472080092759824,-0.2830815327307463
364,mu-,13,700.0,0.0,30.0,910.0,-0.12228704587803307,-0.5134458921894471,0.8493639939414706
365,mu-,13,700.0,0.0,30.0,910.0,-0.06773168016753743,-0.5207829098228078,0.8509979907956138
366,mu-,13,700.0,0.0,30.0,910.0,-0.03080431048647561,-0.24406995836508436,0.9692682548598808
367,mu-,13,700.0,0.0,30.0,910.0,0.6800404613833978,-0.3581091070905156,0.6397678002996785
368,mu-,13,700.0,0.0,30.0,910.0,0.867146453464911,-0.47781901804503674,-0.14052051180416214
369,mu-,13,700.0,0.0,30.0,910.0,0.9555828798063862,-0.23891026230966117,-0.17257823264845018
370,mu-,13,700.0,0.0,30.0,910.0,-0.630975812788173,-0.7712035679987168,0.08434797201090882
371,mu-,13,700.0,0.0,30.0,910.0,-0.10476705847434928,0.16644134080323866,-0.9804698585526495
372,mu-,13,700.0,0.0,30.0,910.0,0.8904770806717294,0.06725423919892394,-0.45003048353209185
373,mu-,13,700.0,0.0,30.0,910.0,-0.04192115931046292,0.9265099738351439,-0.3739276464585999
374,mu-,13,700.0,0.0,30.0,910.0,-0.021923883003930694,0.6223181318216615,-0.7824573382364224
375,mu-,13,700.0,0.0,30.0,910.0,0.1489891018460052,0.6770033540586309,0.7207417749266964
376,mu-,13,700.0,0.0,30.0,910.0,0.9154374893793118,-0.04660370462197828,0.3997527958056202
377,mu-,13,700.0,0.0,30.0,910.0,-0.04592425095702918,-0.1840703662455052,-0.9818396322436171
378,mu-,13,700.0,0.0,30.0,910.0,0.27165809062207996,0.6257721748388992,-0.7311710244511607
379,mu-,13,700.0,0.0,30.0,910.0,0.8032139959805638,-0.4553011146860473,-0.38411999638990135
380,mu-,13,700.0,0.0,30.0,910.0,0.5521360415023534,0.3590131288508849,0.7524994119511386
381,mu-,13,700.0,0.0,30.0,910.0,0.702119201233988,0.4127280458580325,0.5802449374365592
382,mu-,13,700.0,0.0,30.0,910.0,0.9592353378924922,-0.0012211076163988555,-0.28260586588828196
383,mu-,13,700.0,0.0,30.0,910.0,0.5021090075500394,0.4140317348205423,0.7592524396395488
384,mu-,13,700.0,0.0,30.0,910.0,-0.8700962238907021,0.4742756240252063,0.13414616515816813
385,mu-,13,700.0,0.0,30.0,910.0,0.5909749983884945,-0.7267059300543325,0.35020999772077666
386,mu-,13,700.0,0.0,30.0,910.0,0.9043771457046165,-0.410856490845009,0.11532095324656377
387,mu-,13,700.0,0.0,30.0,910.0,0.31527063419556656,0.5216188389256518,0.7927914064189774
388,mu-,13,700.0,0.0,30.0,910.0,0.14880308919489738,0.4389922270560564,-0.8860832157480578
389,mu-,13,700.0,0.0,30.0,910.0,-0.33884781579974227,-0.9407081461359371,0.015822184464622024
390,mu-,13,700.0,0.0,30.0,910.0,-0.0836824207346075,-0.7005698000440113,0.7086601496671661
391,mu-,13,700.0,0.0,30.0,910.0,-0.7660642839541824,-0.5637946691577584,0.3086763416251066
392,mu-,13,700.0,0.0,30.0,910.0,-0.7700201584528199,0.558637360858271,0.3082097575184797
393,mu-,13,700.0,0.0,30.0,910.0,0.4877336433093924,-0.8100008786908635,0.32559863283523716
394,mu-,13,700.0,0.0,30.0,910.0,-0.13743055456040668,-0.6876453521662189,0.7129212525359416
395,mu-,13,700.0,0.0,30.0,910.0,0.841231246267796,0.41105603521593737,0.35123058838216936
396,mu-,13,700.0,0.0,30.0,910.0,-0.9026598531057259,0.25849547108883175,-0.34407162193024887
397,mu-,13,700.0,0.0,30.0,910.0,0.29466491612694085,0.8742213985936409,-0.385887980435879
398,mu-,13,700.0,0.0,30.0,910.0,0.48480134523071927,-0.8379381656644488,-0.2506537176771644
399,mu-,13,700.0,0.0,30.0,910.0,0.8133980756540656,-0.34875026402959985,-0.46557150241563017
400,mu-,13,700.0,0.0,30.0,910.0,-0.13990569238407646,0.07468861673622613,-0.9873439156487274
401,mu-,13,700.0,0.0,30.0,910.0,0.02723486928206004,-0.8963046545089375,0.44260165860602374
402,mu-,13,700.0,0.0,30.0,910.0,0.16276230384973622,0.14377413719094354,-0.9761339200747641
403,mu-,13,700.0,0.0,30.0,910.0,-0.47057399339745715,-0.20418391322287863,-0.858410767825615
404,mu-,13,700.0,0.0,30.0,910.0,-0.4658262161072777,0.35493924557545187,-0.810570211849353
405,mu-,13,700.0,0.0,30.0,910.0,0.7199257842265686,0.540377720016699,-0.43554423990602187
406,mu-,13,700.0,0.0,30.0,910.0,-0.8896991385671597,0.3816147701587177,-0.25061047470040654
407,mu-,13,700.0,0.0,30.0,910.0,-0.5565287371664541,0.8159110507061996,0.1567320070802929
408,mu-,13,700.0,0.0,30.0,910.0,-0.24114809863137934,0.44548013247746954,-0.862203598980152
409,mu-,13,700.0,0.0,30.0,910.0,0.9213432384960593,0.020713343976069852,0.3881978802864885
410,mu-,13,700.0,0.0,30.0,910.0,0.991539521374328,0.12224106115279533,0.0436634918554053
411,mu-,13,700.0,0.0,30.0,910.0,0.22533318265898175,0.6470070487968654,0.728427646098049
412,mu-,13,700.0,0.0,30.0,910.0,0.8377893430379306,0.5418381578585912,0.06723412363138981
413,mu-,13,700.0,0.0,30.0,910.0,0.264713143198026,-0.9596760125833504,0.09459864000260376
414,mu-,13,700.0,0.0,30.0,910.0,0.1380399567860103,-0.5416914061885124,0.8291654785337053
415,mu-,13,700.0,0.0,30.0,910.0,0.6157332384725009,0.030125093779539883,0.7873785987470958
416,mu-,13,700.0,0.0,30.0,910.0,0.753966507842635,0.23981094811618855,0.6115760085346682
417,mu-,13,700.0,0.0,30.0,910.0,0.6711995291655227,-0.015503393792541094,0.7411145908892187
418,mu-,13,700.0,0.0,30.0,910.0,-0.7067315484611167,-0.5577180882841248,0.43529421361930987
419,mu-,13,700.0,0.0,30.0,910.0,0.7563319682480946,0.4586852819847454,0.46644374354957097
420,mu-,13,700.0,0.0,30.0,910.0,0.5857799481456069,0.35851670021161086,0.7268614916336593
421,mu-,13,700.0,0.0,30.0,910.0,-0.1072474140650402,0.8458560720370779,-0.5225184184068226
422,mu-,13,700.0,0.0,30.0,910.0,-0.7274106403692804,0.5745635005031561,0.37516735487927644
423,mu-,13,700.0,0.0,30.0,910.0,-0.9735352074648991,-0.01214366887324478,-0.22821422202083053
424,mu-,13,700.0,0.0,30.0,910.0,0.46119018056452554,-0.7284599972961454,0.5066060103178409
425,mu-,13,700.0,0.0,30.0,910.0,-0.15011433592151838,0.7078643344069764,0.6902128441469413
426,mu-,13,700.0,0.0,30.0,910.0,0.3696970390906696,0.24895334614760692,-0.8951794963746107
427,mu-,13,700.0,0.0,30.0,910.0,-0.01730511071760108,-0.637694680467595,-0.7700948173091307
428,mu-,13,700.0,0.0,30.0,910.0,0.022638639069640115,-0.5550692073634153,-0.8314960415167498
429,mu-,13,700.0,0.0,30.0,910.0,-0.032663446970531584,-0.07803007852324884,-0.9964157797213264
430,mu-,13,700.0,0.0,30.0,910.0,-0.5291114108635159,-0.6816470138433878,-0.5053696304809105
431,mu-,13,700.0,0.0,30.0,910.0,-0.48188017056141214,-0.7048336866011906,0.5205775402875916
432,mu-,13,700.0,0.0,30.0,910.0,0.5190907676355673,0.06801960340010037,-0.8520082796010908
433,mu-,13,700.0,0.0,30.0,910.0,0.8108192568038023,-0.5362049189818515,-0.2346410400074883
434,mu-,13,700.0,0.0,30.0,910.0,-0.08005992779621844,0.9942558300198828,-0.07103345995190025
435,mu-,13,700.0,0.0,30.0,910.0,0.4276330208664678,-0.9020449904575986,-0.058692713815004405
436,mu-,13,700.0,0.0,30.0,910.0,0.5787824008980831,0.5672933781793534,-0.5858234849205926
437,mu-,13,700.0,0.0,30.0,910.0,-0.48621732318026273,0.25127259058094237,0.8369317773045555
438,mu-,13,700.0,0.0,30.0,910.0,-0.37107547152007936,0.9217741421861688,-0.11240740737648669
439,mu-,13,700.0,0.0,30.0,910.0,0.5559514350179018,-0.6555314559539235,-0.5110738813092144
440,mu-,13,700.0,0.0,30.0,910.0,-0.020291379531626234,0.7959762286368715,0.6049876886034347
441,mu-,13,700.0,0.0,30.0,910.0,0.7799803188288194,-0.4349372673100098,0.4499558597735942
442,mu-,13,700.0,0.0,30.0,910.0,0.9793313232329294,-0.11764702597886761,-0.16452761656684656
443,mu-,13,700.0,0.0,30.0,910.0,0.3009739702534668,-0.48955055985868984,-0.8183855561848026
444,mu-,13,700.0,0.0,30.0,910.0,-0.010080071410533801,0.7124905192857663,0.7016093301034827
445,mu-,13,700.0,0.0,30.0,910.0,-0.1231218242012127,0.8863554115661699,-0.4463351888353988
446,mu-,13,700.0,0.0,30.0,910.0,0.2572683852253082,-0.6368415792951098,-0.7268051876840678
447,mu-,13,700.0,0.0,30.0,910.0,0.21718327233618556,-0.891862292883375,0.3967531685445691
448,mu-,13,700.0,0.0,30.0,910.0,-0.06862468557655937,0.956298343662167,0.28422549223902194
449,mu-,13,700.0,0.0,30.0,910.0,-0.02999439365707091,0.5632957385511834,-0.8257107527937502
450,mu-,13,700.0,0.0,30.0,910.0,0.8107939331475605,0.10056844097595137,0.5766274244698875
451,mu-,13,700.0,0.0,30.0,910.0,-0.4328764858775487,0.8989689170482776,0.06687925055913269
452,mu-,13,700.0,0.0,30.0,910.0,-0.46007720457339596,0.7806522674303102,-0.4229787266374576
453,mu-,13,700.0,0.0,30.0,910.0,0.4793472122196972,0.8582761059613249,0.18327131819537135
454,mu-,13,700.0,0.0,30.0,910.0,0.42832230118009473,-0.592912169554341,-0.6819055400172025
455,mu-,13,700.0,0.0,30.0,910.0,-0.5476724017669635,0.6640847350836255,0.508966015537105
456,mu-,13,700.0,0.0,30.0,910.0,-0.745420898877243,-0.4380732464199909,-0.5024335919184675
457,mu-,13,700.0,0.0,30.0,910.0,0.11904650699144916,-0.487504986058593,0.8649663679826782
458,mu-,13,700.0,0.0,30.0,910.0,-0.6590283434879184,-0.7434585492852034,-0.11380258333759907
459,mu-,13,700.0,0.0,30.0,910.0,-0.24269463283296872,-0.9283603312157594,-0.28150738999009595
460,mu-,13,700.0,0.0,30.0,910.0,0.984814130634,0.1698746218830963,0.03582933077345718
461,mu-,13,700.0,0.0,30.0,910.0,0.648537857762008,-0.6770328699395767,0.3478866770528093
462,mu-,13,700.0,0.0,30.0,910.0,0.5353400582972677,0.8440835412221132,-0.03056137137327597
463,mu-,13,700.0,0.0,30.0,910.0,0.3255935908853604,0.8598467914494795,-0.39325857753952675
464,mu-,13,700.0,0.0,30.0,910.0,-0.06708623947120688,-0.7302291100927123,0.6799006421873841
465,mu-,13,700.0,0.0,30.0,910.0,-0.2963861196743052,0.8648047107453565,-0.4052999880792607
466,mu-,13,700.0,0.0,30.0,910.0,-0.6181593017524916,0.24356130742610818,-0.7473666885684409
467,mu-,13,700.0,0.0,30.0,910.0,0.013263248341353423,-0.3053796962835385,0.9521382921305126
468,mu-,13,700.0,0.0,30.0,910.0,0.43840870042980695,0.2212605993209598,0.871115123606276
469,mu-,13,700.0,0.0,30.0,910.0,0.448301764103834,-0.27337476441047803,0.8510533276387009
470,mu-,13,700.0,0.0,30.0,910.0,0.5428768921753774,0.564639019210203,0.6216650689296799
471,mu-,13,700.0,0.0,30.0,910.0,0.6687265700822683,-0.0926531019178819,0.7377128012790612
472,mu-,13,700.0,0.0,30.0,910.0,-0.8732291887426719,-0.0800956647423835,0.48068229467839885
473,mu-,13,700.0,0.0,30.0,910.0,0.6856546747110561,-0.6566565474579745,-0.31413348393230667
474,mu-,13,700.0,0.0,30.0,910.0,-0.4342298186008084,0.8789852887576477,0.1970515840726581
475,mu-,13,700.0,0.0,30.0,910.0,0.5462002889048024,0.059925122088309656,-0.835508362700824
476,mu-,13,700.0,0.0,30.0,910.0,-0.25867052969471227,0.877423408752665,0.4040021272720118
477,mu-,13,700.0,0.0,30.0,910.0,-0.23753718182467615,0.6344301774607972,-0.7355776214498726
478,mu-,13,700.0,0.0,30.0,910.0,0.5711592862183374,-0.8173233503481306,-0.07589209934022323
479,mu-,13,700.0,0.0,30.0,910.0,0.6892467777919516,0.7226825310434036,-0.051660803595298566
480,mu-,13,700.0,0.0,30.0,910.0,-0.3445184160495732,-0.6706142461518885,0.6569502217526284
481,mu-,13,700.0,0.0,30.0,910.0,0.7995616664687792,-0.5935033170605976,0.09195082463869686
482,mu-,13,700.0,0.0,30.0,910.0,-0.745176569697675,0.6393805596259653,-0.18948451109785625
483,mu-,13,700.0,0.0,30.0,910.0,-0.15210252433710825,-0.4288506783639616,-0.8904784768634497
484,mu-,13,700.0,0.0,30.0,910.0,0.9176133897405343,-0.3142004328555137,0.24344148159731116
485,mu-,13,700.0,0.0,30.0,910.0,-0.15061567540602855,0.09181231800447497,-0.9843197735414193
486,mu-,13,700.0,0.0,30.0,910.0,-0.8550229871614907,0.5032449444849841,-0.12522067431437445
487,mu-,13,700.0,0.0,30.0,910.0,0.16077736020435174,-0.37406112962320437,-0.91336132595525
488,mu-,13,700.0,0.0,30.0,910.0,-0.2581792624405691,-0.312799466313659,-0.914056870396768
489,mu-,13,700.0,0.0,30.0,910.0,-0.8250152350574904,0.4228107111082509,-0.3749412813963928
490,mu-,13,700.0,0.0,30.0,910.0,0.2092376693325723,0.7066772680764848,0.6758896629748299
491,mu-,13,700.0,0.0,30.0,910.0,-0.10485397849725067,0.9942216257902269,0.0230000435724802
492,mu-,13,700.0,0.0,30.0,910.0,-0.9380826756685967,-0.26743729441512387,0.220177626398244
493,mu-,13,700.0,0.0,30.0,910.0,0.777830368575246,0.5319419483742247,0.3346904260386463
494,mu-,13,700.0,0.0,30.0,910.0,-0.5054671131965042,-0.8210420582574595,0.26531667126124425
495,mu-,13,700.0,0.0,30.0,910.0,0.49324515314666334,-0.09667605829337357,-0.8645015665978755
496,mu-,13,700.0,0.0,30.0,910.0,0.1907110347019467,-0.6866270956571854,0.7015500928317886
497,mu-,13,700.0,0.0,30.0,910.0,-0.8196473276214612,-0.0006484917382549027,0.572868080609718
498,mu-,13,700.0,0.0,30.0,910.0,0.31289545760472803,0.46047943366813615,0.8306955662449393
499,mu-,13,700.0,0.0,30.0,910.0,0.8637720910142908,-0.1276833279022318,0.4874369113645487
500,mu-,13,700.0,0.0,30.0,910.0,-0.28809450827305993,-0.3902202077126337,-0.8744882753905925
501,mu-,13,700.0,0.0,30.0,910.0,0.2030683896470491,0.2511206878354919,0.9464151463639958
502,mu-,13,700.0,0.0,30.0,910.0,0.7954290935080393,-0.5943938653852485,0.11827294700548463
503,mu-,13,700.0,0.0,30.0,910.0,0.2191343881972735,0.8536593210260062,-0.4724890300682385
504,mu-,13,700.0,0.0,30.0,910.0,0.2474180325219152,-0.8655425796472727,0.43545419965884946
505,mu-,13,700.0,0.0,30.0,910.0,-0.26929830126718146,-0.3834549983406353,0.8834255425230775
506,mu-,13,700.0,0.0,30.0,910.0,0.1952182361683327,-0.40704729378481586,-0.8923017095634094
507,mu-,13,700.0,0.0,30.0,910.0,-0.8327281677204044,-0.35118095182616915,-0.4280604370407104
508,mu-,13,700.0,0.0,30.0,910.0,0.888686768642498,-0.12277052248304647,0.44177282176362453
509,mu-,13,700.0,0.0,30.0,910.0,0.6107551187785206,0.7851231438810703,0.10276105209727726
510,mu-,13,700.0,0.0,30.0,910.0,-0.9407808778681735,-0.3382016443368589,0.023473125173984366
511,mu-,13,700.0,0.0,30.0,910.0,0.3125611705543091,0.8050447338156881,0.504190927345334
512,mu-,13,700.0,0.0,30.0,910.0,0.9466520096393264,0.3052707902931799,0.10324590664816835
513,mu-,13,700.0,0.0,30.0,910.0,0.24053887135109356,0.03442212685128811,0.9700289524298622
514,mu-,13,700.0,0.0,30.0,910.0,0.4548548885403907,0.8867779439677277,0.0820482081661662
515,mu-,13,700.0,0.0,30.0,910.0,-0.7296025710167304,0.5145185273371209,-0.45050058090153167
516,mu-,13,700.0,0.0,30.0,910.0,-0.06065946818830807,0.8674434973648096,-0.4938240656333177
517,mu-,13,700.0,0.0,30.0,910.0,-0.9238647223790291,0.004670852949181641,-0.382690681721213
518,mu-,13,700.0,0.0,30.0,910.0,0.10351677953469553,0.39486191364838596,0.9128901059298977
519,mu-,13,700.0,0.0,30.0,910.0,0.7285934420184405,0.20124637149769992,-0.6547148189912393
520,mu-,13,700.0,0.0,30.0,910.0,0.11461131337405381,-0.5439154485173909,0.8312762667794624
521,mu-,13,700.0,0.0,30.0,910.0,0.4427045173635654,0.6057667685334218,0.6611046304833057
522,mu-,13,700.0,0.0,30.0,910.0,-0.47030267111634716,-0.8746938435795268,-0.11715834389792001
523,mu-,13,700.0,0.0,30.0,910.0,-0.11059714756566051,-0.991888088059504,0.0626601285986641
524,mu-,13,700.0,0.0,30.0,910.0,0.647528715559196,-0.45462870364824515,-0.6115711768431977
525,mu-,13,700.0,0.0,30.0,910.0,-0.7499039615377329,-0.6354706430689818,0.18390516650575406
526,mu-,13,700.0,0.0,30.0,910.0,-0.9223425661816094,0.3459493033673376,0.1720560086401437
527,mu-,13,700.0,0.0,30.0,910.0,0.11496983591552463,0.19091393476142893,-0.9748506584823473
528,mu-,13,700.0,0.0,30.0,910.0,0.8698496907917593,0.4918821009118278,-0.037596731667089545
529,mu-,13,700.0,0.0,30.0,910.0,0.3612746935618968,0.9128912763482441,0.19002661223899997
530,mu-,13,700.0,0.0,30.0,910.0,-0.7686529725034034,0.5223153580263894,0.36926856707746847
531,mu-,13,700.0,0.0,30.0,910.0,-0.07131188833228387,0.9463402535218582,0.3152058678810865
532,mu-,13,700.0,0.0,30.0,910.0,-0.33864425765434897,-0.567077014032774,-0.7508286934537118
533,mu-,13,700.0,0.0,30.0,910.0,0.18419351485920876,0.7363664173255273,0.6510278400490856
534,mu-,13,700.0,0.0,30.0,910.0,0.25487629733543765,-0.27617113618822936,-0.9266971331525096
535,mu-,13,700.0,0.0,30.0,910.0,0.0912811414773265,-0.8573866155211586,0.5065135188085006
536,mu-,13,700.0,0.0,30.0,910.0,-0.7061160664562189,0.4042150222176576,0.5813865465471102
537,mu-,13,700.0,0.0,30.0,910.0,0.15272008216574234,-0.4035965663601825,0.9021010963997105
538,mu-,13,700.0,0.0,30.0,910.0,0.8001875976735917,-0.3131386789472745,0.5115114625074613
539,mu-,13,700.0,0.0,30.0,910.0,-0.5302491194515805,-0.2294732143282774,0.8161972281419927
540,mu-,13,700.0,0.0,30.0,910.0,-0.38977256373987723,-0.24736287381395602,-0.8870676170473952
541,mu-,13,700.0,0.0,30.0,910.0,0.994320203631652,0.10608424826521515,-0.008571167943437485
542,mu-,13,700.0,0.0,30.0,910.0,0.3965333662951588,-0.8395001996541374,-0.3714844602339282
543,mu-,13,700.0,0.0,30.0,910.0,0.8768906177157038,-0.4108139853927264,0.24958909024217446
544,mu-,13,700.0,0.0,30.0,910.0,0.3376859823712956,0.789943919942091,0.5118171359542942
545,mu-,13,700.0,0.0,30.0,910.0,0.8654524020585002,0.262752040461561,0.4265600836980161
546,mu-,13,700.0,0.0,30.0,910.0,-0.18508893578619665,0.6480941652687017,0.7387259564914435
547,mu-,13,700.0,0.0,30.0,910.0,0.3204882333571632,0.09902508022925104,0.9420622727639585
548,mu-,13,700.0,0.0,30.0,910.0,0.7031511883861942,0.5200597570303115,0.4848878791933824
549,mu-,13,700.0,0.0,30.0,910.0,0.28248639871305947,-0.6268589728568211,0.726119317117385
550,mu-,13,700.0,0.0,30.0,910.0,-0.9219743616282136,-0.3864735139957382,0.024525486336339553
551,mu-,13,700.0,0.0,30.0,910.0,-0.5456783492884779,0.6232820405668464,-0.5601380517556631
552,mu-,13,700.0,0.0,30.0,910.0,-0.5575542435787298,0.4409766524937027,-0.7033298354419486
553,mu-,13,700.0,0.0,30.0,910.0,-0.4588731996096998,-0.5148766979296472,-0.7241114365959285
554,mu-,13,700.0,0.0,30.0,910.0,-0.6146468558209679,0.7886757247424859,-0.014136613148587163
555,mu-,13,700.0,0.0,30.0,910.0,0.9085096265611864,-0.28295392978048156,-0.30748549895472443
556,mu-,13,700.0,0.0,30.0,910.0,0.4409967809985608,-0.05786616763430226,0.8956413042017581
557,mu-,13,700.0,0.0,30.0,910.0,0.83666089437809,0.47377513275639727,-0.27483753637396857
558,mu-,13,700.0,0.0,30.0,910.0,0.47215074021390946,-0.5676043130708815,-0.674462024356294
559,mu-,13,700.0,0.0,30.0,910.0,0.5752778510815002,0.7616918949899433,-0.2981289170169181
560,mu-,13,700.0,0.0,30.0,910.0,0.0693011944017729,0.4058589768759035,0.9113044690682321
561,mu-,13,700.0,0.0,30.0,910.0,-0.8498548611359805,0.5130210319649339,0.12064881170230168
562,mu-,13,700.0,0.0,30.0,910.0,-0.4793569464828415,0.49635846535838324,-0.7237715051904965
563,mu-,13,700.0,0.0,30.0,910.0,-0.7872660539711136,-0.21803563118858774,0.5767777941260792
564,mu-,13,700.0,0.0,30.0,910.0,0.6949672457965288,0.07033162930236099,0.7155934524502459
565,mu-,13,700.0,0.0,30.0,910.0,-0.5646884571474119,0.2566604276774331,-0.7843802465825569
566,mu-,13,700.0,0.0,30.0,910.0,-0.8141417323626833,0.5063363123083642,0.28424774135154673
567,mu-,13,700.0,0.0,30.0,910.0,0.351737522522508,-0.8219431459972872,-0.44798457562488725
568,mu-,13,700.0,0.0,30.0,910.0,-0.41934904596322925,-0.5711375389234992,0.7056545112745598
569,mu-,13,700.0,0.0,30.0,910.0,-0.0387103313879665,-0.6768599397150347,-0.7350932813274744
570,mu-,13,700.0,0.0,30.0,910.0,-0.09304102250772898,-0.9721332987669716,0.21517485345449172
571,mu-,13,700.0,0.0,30.0,910.0,-0.8131943486592392,-0.341546380251695,0.4712335105291645
572,mu-,13,700.0,0.0,30.0,910.0,0.5079046896898913,-0.8298291310537227,-0.23111996764805642
573,mu-,13,700.0,0.0,30.0,910.0,0.5008819660451198,-0.1580142563193775,0.8509693007921082
574,mu-,13,700.0,0.0,30.0,910.0,0.22049406141552036,0.8927308105080952,-0.3929555558203093
575,mu-,13,700.0,0.0,30.0,910.0,-0.3318807952344243,-0.7154452988399468,-0.6148114850280413
576,mu-,13,700.0,0.0,30.0,910.0,0.025702155364138165,0.37023554065076314,0.9285822761870242
577,mu-,13,700.0,0.0,30.0,910.0,-0.9551187333107442,-0.27831040952931746,-0.10144713513206405
578,mu-,13,700.0,0.0,30.0,910.0,-0.9402306320873922,-0.29675277364986863,-0.16704535257124808
579,mu-,13,700.0,0.0,30.0,910.0,-0.8260029961870037,-0.5010504942093205,-0.2582004115850487
580,mu-,13,700.0,0.0,30.0,910.0,0.025993805137824157,-0.2917556677929527,0.9561396092648526
581,mu-,13,700.0,0.0,30.0,910.0,-0.3326574303864933,0.17957968726481102,0.9257916449885082
582,mu-,13,700.0,0.0,30.0,910.0,0.21126855382410115,0.6811219336676917,-0.7010267538702482
583,mu-,13,700.0,0.0,30.0,910.0,0.10506012615610759,-0.8369579230025667,-0.5370882655721427
584,mu-,13,700.0,0.0,30.0,910.0,-0.7717672690978786,-0.3126600779667813,-0.5537318466505325
585,mu-,13,700.0,0.0,30.0,910.0,-0.45717797056513426,0.24659856582262565,0.854504213309782
586,mu-,13,700.0,0.0,30.0,910.0,0.6466935433589174,-0.5525474837569471,-0.5258124562729132
587,mu-,13,700.0,0.0,30.0,910.0,0.26067103563431093,0.11881569551158179,0.9580884310341269
588,mu-,13,700.0,0.0,30.0,910.0,0.7540454403593818,-0.12294333654694174,0.645213460702682
589,mu-,13,700.0,0.0,30.0,910.0,-0.5743212067421526,0.7101789158578109,-0.407186761765731
590,mu-,13,700.0,0.0,30.0,910.0,0.16280097916000139,0.770421074958805,-0.616398579203314
591,mu-,13,700.0,0.0,30.0,910.0,-0.7863841039149903,0.3017465718454199,0.5390260174512493
592,mu-,13,700.0,0.0,30.0,910.0,-0.6093388482212283,0.6951393987326023,-0.3814280854605532
593,mu-,13,700.0,0.0,30.0,910.0,0.5796080964855258,-0.011789120278974413,0.8148100828607077
594,mu-,13,700.0,0.0,30.0,910.0,-0.10115769290440657,0.9271444448739551,-0.36079121317685026
595,mu-,13,700.0,0.0,30.0,910.0,0.18806977649709086,-0.8670684891846556,-0.46132634244249804
596,mu-,13,700.0,0.0,30.0,910.0,0.2024751549197783,0.539072309790578,0.8175603075353297
597,mu-,13,700.0,0.0,30.0,910.0,-0.304233601304441,0.531542465386752,-0.7905090279863374
598,mu-,13,700.0,0.0,30.0,910.0,0.43128794221129424,-0.6146770554347352,0.6604262475289961
599,mu-,13,700.0,0.0,30.0,910.0,-0.3817974167176022,0.20958751848284904,0.9001687645569396
600,mu-,13,700.0,0.0,30.0,910.0,0.39023401838982563,0.11560746376927411,-0.9134288835000595
601,mu-,13,700.0,0.0,30.0,910.0,-0.5578628216550102,0.5594612403981545,0.6130189170876121
602,mu-,13,700.0,0.0,30.0,910.0,-0.14934686407859596,0.7369128762521834,-0.6592836468498393
603,mu-,13,700.0,0.0,30.0,910.0,0.5191410227245492,-0.3013231689837142,-0.7998105690462718
604,mu-,13,700.0,0.0,30.0,910.0,-0.9897376090974443,-0.030250865203987003,-0.13965797611480868
605,mu-,13,700.0,0.0,30.0,910.0,-0.7918077319102074,-0.11358330781580868,-0.6001161119923646
606,mu-,13,700.0,0.0,30.0,910.0,0.8072359081216504,-0.32511357659561435,-0.4926168398991473
607,mu-,13,700.0,0.0,30.0,910.0,-0.1339628613344669,-0.6697018923490765,0.730447347292841
608,mu-,13,700.0,0.0,30.0,910.0,-0.12110402179641008,-0.9842907567126072,0.12847381894712107
609,mu-,13,700.0,0.0,30.0,910.0,-0.35983195554142783,0.42502563532477783,-0.8305866439378862
610,mu-,13,700.0,0.0,30.0,910.0,0.1654417701583382,-0.6256992191363815,0.7623185081440684
611,mu-,13,700.0,0.0,30.0,910.0,-0.6943793409030391,0.6179883750974715,-0.36868373868594695
612,mu-,13,700.0,0.0,30.0,910.0,0.6926357088755736,0.003555575718381537,-0.721278817567619
613,mu-,13,700.0,0.0,30.0,910.0,0.17427464294657244,0.3992280740225105,0.9001362639834714
614,mu-,13,700.0,0.0,30.0,910.0,0.3468003607884817,0.7191814094828926,0.6020860486767476
615,mu-,13,700.0,0.0,30.0,910.0,-0.9577706350920331,-0.27317099026884983,-0.0897386239639304
616,mu-,13,700.0,0.0,30.0,910.0,-0.15074560631027034,0.7615900769871727,-0.6302827276808569
617,mu-,13,700.0,0.0,30.0,910.0,0.6922161717146715,0.016588884877249556,-0.72149953604643
618,mu-,13,700.0,0.0,30.0,910.0,0.5136848112989817,-0.8164538063449238,-0.2636874982732691
619,mu-,13,700.0,0.0,30.0,910.0,-0.755780289920076,0.33971504588856866,-0.5598123265570825
620,mu-,13,700.0,0.0,30.0,910.0,-0.9727294812072458,-0.09200958946391666,-0.2129121693021887
621,mu-,13,700.0,0.0,30.0,910.0,0.7844863271879295,0.24067368470951428,-0.5715394824012932
622,mu-,13,700.0,0.0,30.0,910.0,0.932666293292539,-0.12196872517220024,-0.33949553080390293
623,mu-,13,700.0,0.0,30.0,910.0,-0.9425157181780718,0.29311692686965435,0.16045743413679303
624,mu-,13,700.0,0.0,30.0,910.0,-0.1888473191583302,-0.8918090509254214,-0.4111122799603666
625,mu-,13,700.0,0.0,30.0,910.0,-0.5370108691032986,-0.46540068851153066,-0.703577661383527
626,mu-,13,700.0,0.0,30.0,910.0,0.9086384789735816,0.4175827392716516,-0.0008777191804671958
627,mu-,13,700.0,0.0,30.0,910.0,-0.5281345718075275,0.849158531748479,0.0019136406264048667
628,mu-,13,700.0,0.0,30.0,910.0,-0.19331759534834025,0.06343291934626685,-0.9790835368199924
629,mu-,13,700.0,0.0,30.0,910.0,0.6308000886237703,0.5014057510926452,-0.5921853771948982
630,mu-,13,700.0,0.0,30.0,910.0,-0.8759097952474574,-0.30595723053626794,0.3730579092743298
631,mu-,13,700.0,0.0,30.0,910.0,-0.27528215624559915,-0.936227602648006,-0.21839782620882642
632,mu-,13,700.0,0.0,30.0,910.0,-0.43658037595615673,0.4916156871705423,0.7534663837609588
633,mu-,13,700.0,0.0,30.0,910.0,0.7735195208403643,-0.6315798941247871,0.05267246164948003
634,mu-,13,700.0,0.0,30.0,910.0,-0.8435187896104998,0.2649773045019651,-0.46718634362843936
635,mu-,13,700.0,0.0,30.0,910.0,-0.6396785685118346,0.7681588786036578,-0.027262909034456495
636,mu-,13,700.0,0.0,30.0,910.0,0.23176189436196623,-0.9652246373324149,0.12094554067124963
637,mu-,13,700.0,0.0,30.0,910.0,-0.5704790353181333,0.3487853084709135,0.7435741246556
638,mu-,13,700.0,0.0,30.0,910.0,0.10045748423885623,-0.8956277273426009,-0.4333119752274657
639,mu-,13,700.0,0.0,30.0,910.0,-0.13788427260119368,0.9030443586144826,0.4068154541604798
640,mu-,13,700.0,0.0,30.0,910.0,0.017460365926090293,0.9934089750172573,-0.11328611555212365
641,mu-,13,700.0,0.0,30.0,910.0,0.2569944712936833,0.9652560861843822,0.04727081349510187
642,mu-,13,700.0,0.0,30.0,910.0,-0.04713474068472434,0.510966346928786,-0.8583074673605231
643,mu-,13,700.0,0.0,30.0,910.0,-0.17308734006688853,0.5367270055729665,-0.8258116578235295
644,mu-,13,700.0,0.0,30.0,910.0,-0.34934930941919795,0.8718259605287321,-0.34332863928965107
645,mu-,13,700.0,0.0,30.0,910.0,0.04450934753477769,-0.5096305450635923,0.8592413080853447
646,mu-,13,700.0,0.0,30.0,910.0,0.7268689482227835,-0.4938445918405296,-0.47726203622262386
647,mu-,13,700.0,0.0,30.0,910.0,0.9948595535350392,0.0948113579994708,-0.03557070612679314
648,mu-,13,700.0,0.0,30.0,910.0,0.8621593363145407,0.502925989578677,-0.061210520435454274
649,mu-,13,700.0,0.0,30.0,910.0,0.865983080191732,-0.2169960115692699,-0.4505397161013329
650,mu-,13,700.0,0.0,30.0,910.0,0.9935584523175597,-0.09397420545489121,0.06332811806344396
651,mu-,13,700.0,0.0,30.0,910.0,-0.4967030383682622,0.8601429463063447,-0.11593189205381438
652,mu-,13,700.0,0.0,30.0,910.0,0.01336105832050218,0.8407942788199629,-0.5411898583899872
653,mu-,13,700.0,0.0,30.0,910.0,-0.7066182066348401,-0.4537810528403437,0.5429304431833526
654,mu-,13,700.0,0.0,30.0,910.0,-0.6863833451247726,0.0884114576889723,0.7218457713976292
655,mu-,13,700.0,0.0,30.0,910.0,0.5449008912855244,-0.392992448248107,0.7407023385248626
656,mu-,13,700.0,0.0,30.0,910.0,-0.25730929888172777,-0.45615749494343133,-0.8518874717449054
657,mu-,13,700.0,0.0,30.0,910.0,-0.3175868626763951,0.4193778757632203,-0.8504474010635188
658,mu-,13,700.0,0.0,30.0,910.0,-0.4484818125396343,-0.49340930757981005,-0.7452592294059677
659,mu-,13,700.0,0.0,30.0,910.0,0.561388417381809,0.3460589395916053,-0.7517221928068119
660,mu-,13,700.0,0.0,30.0,910.0,-0.38385507668959473,-0.7937507614818392,0.4718209498810175
661,mu-,13,700.0,0.0,30.0,910.0,0.6067929308519789,-0.3911657297196505,0.691947766063999
662,mu-,13,700.0,0.0,30.0,910.0,0.429538166557647,-0.7963863691364552,0.4257531145205502
663,mu-,13,700.0,0.0,30.0,910.0,-0.8740792152200907,0.23833044058015349,-0.42330146067914787
664,mu-,13,700.0,0.0,30.0,910.0,-0.7972234329030642,0.5968450169233309,0.09061359613238018
665,mu-,13,700.0,0.0,30.0,910.0,-0.9904973461107123,0.11496361129795414,-0.07548758457500693
666,mu-,13,700.0,0.0,30.0,910.0,0.9701036973802022,0.2401680524001697,0.034901617950612085
667,mu-,13,700.0,0.0,30.0,910.0,0.09710202989586811,-0.704301704388593,-0.7032284870406096
668,mu-,13,700.0,0.0,30.0,910.0,0.18126594769095974,0.6582765795670027,0.730626170487525
669,mu-,13,700.0,0.0,30.0,910.0,0.06377067017296015,0.6279687635032277,-0.7756213855289955
670,mu-,13,700.0,0.0,30.0,910.0,-0.6116497988353976,0.22771957089912978,0.757646567083976
671,mu-,13,700.0,0.0,30.0,910.0,-0.28488355701077733,0.006381602712430125,0.9585408880646187
672,mu-,13,700.0,0.0,30.0,910.0,0.06066257333347512,-0.6378058915243033,-0.7678044652992384
673,mu-,13,700.0,0.0,30.0,910.0,-0.2149943657230148,-0.6126534157871868,-0.7605479701055358
674,mu-,13,700.0,0.0,30.0,910.0,-0.004248297209235731,-0.12322415658108148,0.9923697693932958
675,mu-,13,700.0,0.0,30.0,910.0,-0.6950101352322506,0.35095897410303895,0.6275258643442445
676,mu-,13,700.0,0.0,30.0,910.0,0.07345270848789795,0.4778906885032288,-0.8753428982162943
677,mu-,13,700.0,0.0,30.0,910.0,0.168076717771864,-0.675692942224444,0.7177668596216402
678,mu-,13,700.0,0.0,30.0,910.0,0.29462287871416826,0.9439914069180282,0.14858527182429038
679,mu-,13,700.0,0.0,30.0,910.0,0.41864690354795686,-0.907058806424544,-0.044486985033709736
680,mu-,13,700.0,0.0,30.0,910.0,0.5112553554262329,-0.35652737113629523,-0.7819886157602542
681,mu-,13,700.0,0.0,30.0,910.0,-0.09573252833540188,-0.5286175971523372,-0.8434445559723536
682,mu-,13,700.0,0.0,30.0,910.0,0.16396321767641195,-0.21159220567603343,-0.9635065135982988
683,mu-,13,700.0,0.0,30.0,910.0,-0.8808576334527906,-0.29505815952079156,-0.3701763256721753
684,mu-,13,700.0,0.0,30.0,910.0,-0.2042173714064953,-0.3547926722096398,-0.9123691275805887
685,mu-,13,700.0,0.0,30.0,910.0,-0.033417307273161743,0.09817901727417826,0.9946075427733734
686,mu-,13,700.0,0.0,30.0,910.0,0.4282868707484782,0.5995804175031189,0.6760722441361293
687,mu-,13,700.0,0.0,30.0,910.0,-0.18680177307971207,-0.32610422897696717,-0.9266936545685491
688,mu-,13,700.0,0.0,30.0,910.0,-0.19468817641047756,-0.8671423800531851,-0.4584327722596413
689,mu-,13,700.0,0.0,30.0,910.0,0.3302710253763129,0.36674770890236325,-0.869722465969315
690,mu-,13,700.0,0.0,30.0,910.0,-0.9233812479642375,-0.10945436246844377,-0.3679494713199545
691,mu-,13,700.0,0.0,30.0,910.0,0.5986605960235666,0.6094325563956667,-0.5198052038732881
692,mu-,13,700.0,0.0,30.0,910.0,-0.4211309801861193,0.4684901584523635,-0.7766374115124495
693,mu-,13,700.0,0.0,30.0,910.0,-0.4667369224326874,-0.12507578938832029,-0.8755071057090011
694,mu-,13,700.0,0.0,30.0,910.0,-0.3347986185406666,-0.04286676775778707,-0.9413141480107803
695,mu-,13,700.0,0.0,30.0,910.0,0.9020310723850402,0.22858526835581855,-0.36618126596344713
696,mu-,13,700.0,0.0,30.0,910.0,-0.2558710575727216,-0.14498009948636534,-0.9557775748831632
697,mu-,13,700.0,0.0,30.0,910.0,0.3849072230661672,0.8199439990620363,0.4237195629583881
698,mu-,13,700.0,0.0,30.0,910.0,0.8518429088319527,0.5041646008807061,0.14206235916496635
699,mu-,13,700.0,0.0,30.0,910.0,0.40508796895037164,-0.9117082006316863,-0.06849740369237023
700,mu-,13,700.0,0.0,30.0,910.0,-0.7639849405172946,0.17214897538330412,-0.6218454317089293
701,mu-,13,700.0,0.0,30.0,910.0,-0.06649542708110734,0.5879025053809444,0.8061941468059104
702,mu-,13,700.0,0.0,30.0,910.0,0.7286313265639545,0.3869502327053033,0.5651246830204495
703,mu-,13,700.0,0.0,30.0,910.0,0.14826976903867545,-0.8796595951059377,-0.45190161797373074
704,mu-,13,700.0,0.0,30.0,910.0,-0.17224466421051976,0.6552414109892127,0.7355205428646239
705,mu-,13,700.0,0.0,30.0,910.0,-0.48236942671350747,0.8577549240815863,-0.17769700725075355
706,mu-,13,700.0,0.0,30.0,910.0,-0.3781442362844078,0.6916593173533132,-0.6153164432088831
707,mu-,13,700.0,0.0,30.0,910.0,-0.6565558381419079,-0.3299418483612612,0.6782866710335176
708,mu-,13,700.0,0.0,30.0,910.0,-0.6557447007344185,-0.31218130786011333,0.6874166993036153
709,mu-,13,700.0,0.0,30.0,910.0,-0.8801096482772603,-0.3158077604688589,0.3545031247209549
710,mu-,13,700.0,0.0,30.0,910.0,-0.8163516719148218,0.04851587079910023,-0.575513820896145
711,mu-,13,700.0,0.0,30.0,910.0,0.12525262238852086,0.9420856704868507,-0.3111050787887264
712,mu-,13,700.0,0.0,30.0,910.0,0.8141249741719396,-0.44911337840827753,-0.368100121929132
713,mu-,13,700.0,0.0,30.0,910.0,0.3709209099277752,-0.07568086135142296,0.9255755430020058
714,mu-,13,700.0,0.0,30.0,910.0,-0.15873745778111936,0.9832682187944525,0.08936458697925054
715,mu-,13,700.0,0.0,30.0,910.0,-0.27828423691400844,0.9218309428913447,-0.26978805795150107
716,mu-,13,700.0,0.0,30.0,910.0,0.25005382069276766,-0.28830376907144445,0.9243127303549099
717,mu-,13,700.0,0.0,30.0,910.0,-0.8117527470126457,-0.10307893049443037,0.5748323336465582
718,mu-,13,700.0,0.0,30.0,910.0,-0.08927633401214094,-0.995564540150997,-0.029681350698487208
719,mu-,13,700.0,0.0,30.0,910.0,-0.13030523761273316,-0.6125601466231121,0.7796092686851284
720,mu-,13,700.0,0.0,30.0,910.0,-0.356258957406396,-0.2695942759295304,0.8946499212841523
721,mu-,13,700.0,0.0,30.0,910.0,-0.575945952948537,-0.45628026321347653,0.6783027205341596
722,mu-,13,700.0,0.0,30.0,910.0,0.4310263833598074,-0.8968876603272997,0.09903929321429183
723,mu-,13,700.0,0.0,30.0,910.0,0.5526200262232027,-0.8265537345661792,-0.10686454272474544
724,mu-,13,700.0,0.0,30.0,910.0,0.8639402338845494,-0.13704165579701524,-0.4845893693137753
725,mu-,13,700.0,0.0,30.0,910.0,0.2986341820190645,0.8343583267510307,0.4633182576922956
726,mu-,13,700.0,0.0,30.0,910.0,-0.22466137198958278,0.9020660724953397,0.368516035999237
727,mu-,13,700.0,0.0,30.0,910.0,0.3998514903089259,0.43643654561883927,-0.8060036770052763
728,mu-,13,700.0,0.0,30.0,910.0,0.9392430831820612,-0.3163730471291871,-0.13315602031019447
729,mu-,13,700.0,0.0,30.0,910.0,-0.8202465796684971,-0.22719639367529235,-0.5249546144602155
730,mu-,13,700.0,0.0,30.0,910.0,0.4758753733697622,0.8712123099173937,-0.1205476672050867
731,mu-,13,700.0,0.0,30.0,910.0,-0.307082651512639,0.8679014682488575,0.39044498530707816
732,mu-,13,700.0,0.0,30.0,910.0,0.24371400503038437,-0.3371690211687678,-0.9093517113395371
733,mu-,13,700.0,0.0,30.0,910.0,0.8152452449676731,0.24630575098388371,0.524126575924045
734,mu-,13,700.0,0.0,30.0,910.0,-0.4181656385328496,0.9033594877209564,-0.09528449346533496
735,mu-,13,700.0,0.0,30.0,910.0,-0.3697343989240956,0.8749664416955814,0.3126182978630818
736,mu-,13,700.0,0.0,30.0,910.0,0.8794399860773737,0.26006880653400466,0.3986847460791638
737,mu-,13,700.0,0.0,30.0,910.0,-0.349313214144106,-0.4611156964206554,0.8156914814676
738,mu-,13,700.0,0.0,30.0,910.0,0.406715164353842,-0.8906328430290422,-0.20336153520917488
739,mu-,13,700.0,0.0,30.0,910.0,-0.33982739588712674,0.8082615503597478,0.48086443746094476
740,mu-,13,700.0,0.0,30.0,910.0,-0.3684586348095222,-0.4374918048883412,-0.8202677337856492
741,mu-,13,700.0,0.0,30.0,910.0,0.6649662515168692,-0.7314446613690003,-0.1510251359820356
742,mu-,13,700.0,0.0,30.0,910.0,0.3472239817411623,-0.6239810754640248,-0.7000593717439771
743,mu-,13,700.0,0.0,30.0,910.0,0.20246417250731222,0.6972841852227564,0.687606736361102
744,mu-,13,700.0,0.0,30.0,910.0,-0.6580149869584062,-0.5727921372836704,-0.48880000450504646
745,mu-,13,700.0,0.0,30.0,910.0,-0.8992377512681892,0.07550916298990297,-0.43089422483794637
746,mu-,13,700.0,0.0,30.0,910.0,-0.7795097958337036,0.6229716222533102,0.065351633999287
747,mu-,13,700.0,0.0,30.0,910.0,-0.13990658848431847,0.6435463549994236,-0.7525119503806139
748,mu-,13,700.0,0.0,30.0,910.0,0.2382174271045283,-0.745750108679745,0.6221810289842074
749,mu-,13,700.0,0.0,30.0,910.0,-0.21091196255009786,-0.5657254577195097,-0.7971642556846847
750,mu-,13,700.0,0.0,30.0,910.0,-0.5002397853382016,-0.4170157266329881,0.7588531089120945
751,mu-,13,700.0,0.0,30.0,910.0,-0.3287136256252068,-0.2062510776265569,0.9216332488068208
752,mu-,13,700.0,0.0,30.0,910.0,-0.812428830180458,0.5796207368066134,-0.06323920742206557
753,mu-,13,700.0,0.0,30.0,910.0,-0.5230048257308462,-0.835686809391147,0.1676111836122276
754,mu-,13,700.0,0.0,30.0,910.0,0.10208354715200857,0.13976236499433128,0.9849088438693476
755,mu-,13,700.0,0.0,30.0,910.0,0.7357948302098463,-0.5800852369996857,-0.34943824297217674
756,mu-,13,700.0,0.0,30.0,910.0,-0.3309390644032643,0.8670603243266747,0.3724053297556491
757,mu-,13,700.0,0.0,30.0,910.0,0.9159897348876598,0.3810956410197613,0.12541498306092436
758,mu-,13,700.0,0.0,30.0,910.0,0.6937560970593772,0.17169528491376038,-0.6994449277329293
759,mu-,13,700.0,0.0,30.0,910.0,0.47401138363913137,0.5452930161752049,0.6913528293795173
760,mu-,13,700.0,0.0,30.0,910.0,-0.4623228955057563,0.8492297501383644,-0.25508110822070806
761,mu-,13,700.0,0.0,30.0,910.0,0.8239456278398078,0.407996609490384,0.3932586540789864
762,mu-,13,700.0,0.0,30.0,910.0,0.08891614468343967,0.16658605413031863,-0.9820096770317104
763,mu-,13,700.0,0.0,30.0,910.0,-0.6010811924049254,0.7874785297854765,0.13630467807077373
764,mu-,13,700.0,0.0,30.0,910.0,-0.11890578790798541,0.5168716406821297,-0.8477647790870677
765,mu-,13,700.0,0.0,30.0,910.0,-0.12669742465739456,-0.8733798670035378,-0.47027159227202575
766,mu-,13,700.0,0.0,30.0,910.0,0.8971266840427373,0.11335300648842123,0.42698338222759724
767,mu-,13,700.0,0.0,30.0,910.0,0.5815646375509226,0.46117098937332796,0.6701521401224426
768,mu-,13,700.0,0.0,30.0,910.0,-0.8693393889293558,0.45168308424122716,-0.20057771128983082
769,mu-,13,700.0,0.0,30.0,910.0,0.2649736954392133,0.21325005031457334,-0.9403793685349116
770,mu-,13,700.0,0.0,30.0,910.0,-0.3316341125244415,-0.8100271853776091,0.4836060115004306
771,mu-,13,700.0,0.0,30.0,910.0,0.8007304150786781,-0.15842149529282884,0.5776966610576109
772,mu-,13,700.0,0.0,30.0,910.0,-0.1971997244550007,0.5979091414032568,0.7769278777990221
773,mu-,13,700.0,0.0,30.0,910.0,-0.5115002341963161,-0.7998391765896127,0.3140458597236464
774,mu-,13,700.0,0.0,30.0,910.0,0.051483331735985814,-0.8365918003584916,-0.5454022608371736
775,mu-,13,700.0,0.0,30.0,910.0,-0.48214180974652415,-0.31056435126171356,0.8192002557493117
776,mu-,13,700.0,0.0,30.0,910.0,-0.159747006655943,0.8108817753583114,0.5629845826097009
777,mu-,13,700.0,0.0,30.0,910.0,-0.3524507450194142,0.6331051010918867,0.6891708085131667
778,mu-,13,700.0,0.0,30.0,910.0,-0.8463729938078666,-0.36062622263446875,-0.39192025069024394
779,mu-,13,700.0,0.0,30.0,910.0,-0.9525487627838806,0.20724771761562313,0.22293325921004592
780,mu-,13,700.0,0.0,30.0,910.0,0.02134982603282994,-0.7477879011894064,0.6635943337334267
781,mu-,13,700.0,0.0,30.0,910.0,0.7433426339997595,-0.6669704105459223,0.050913651749834754
782,mu-,13,700.0,0.0,30.0,910.0,-0.752832832217207,0.6276286149914838,-0.19830544213331724
783,mu-,13,700.0,0.0,30.0,910.0,-0.10887672761540843,0.2551698268068821,0.9607466979756454
784,mu-,13,700.0,0.0,30.0,910.0,0.41610285801985003,-0.5375131149641872,-0.7334426104264797
785,mu-,13,700.0,0.0,30.0,910.0,-0.3991749304661933,0.8350798657482537,0.378551175812714
786,mu-,13,700.0,0.0,30.0,910.0,-0.34375132544124665,-0.7102406087445021,0.6143234522201031
787,mu-,13,700.0,0.0,30.0,910.0,-0.9780076709874249,-0.1857516806294843,-0.09485414399526815
788,mu-,13,700.0,0.0,30.0,910.0,-0.4222300397800889,-0.10936082914035167,0.8998677694845167
789,mu-,13,700.0,0.0,30.0,910.0,-0.5663367631466213,0.22748959825648168,-0.7921560158161474
790,mu-,13,700.0,0.0,30.0,910.0,0.8893262334783197,-0.23475588254729132,-0.3924137179772229
791,mu-,13,700.0,0.0,30.0,910.0,-0.8028229659575961,0.5828809120511808,-0.12539987120181673
792,mu-,13,700.0,0.0,30.0,910.0,0.08290183630162021,-0.843210600093989,0.5311526799583659
793,mu-,13,700.0,0.0,30.0,910.0,-0.23074778243819669,-0.4900713700666328,-0.8405864102761049
794,mu-,13,700.0,0.0,30.0,910.0,-0.4346536795393994,-0.24123650851682407,0.8676872281078438
795,mu-,13,700.0,0.0,30.0,910.0,0.8157787278329177,-0.36853393139291063,-0.4457441066659118
796,mu-,13,700.0,0.0,30.0,910.0,-0.49118277617276057,0.03161019546418031,-0.8704827832495805
797,mu-,13,700.0,0.0,30.0,910.0,-0.7501405289081322,-0.2685425487585814,-0.6042963564309092
798,mu-,13,700.0,0.0,30.0,910.0,0.7197394641256099,-0.665529090670284,-0.19760094446071097
799,mu-,13,700.0,0.0,30.0,910.0,-0.5071043476824906,0.1133177198402546,-0.8544028762426548
800,mu-,13,700.0,0.0,30.0,910.0,0.701285242833147,0.5736109622073673,-0.423284150683666
801,mu-,13,700.0,0.0,30.0,910.0,-0.4282936423762028,-0.5842829695445974,0.6893315366355093
802,mu-,13,700.0,0.0,30.0,910.0,-0.9356343394535528,-0.19145373749677086,-0.2965364214288555
803,mu-,13,700.0,0.0,30.0,910.0,0.925009883445639,0.36511822695443896,-0.10509707833014348
804,mu-,13,700.0,0.0,30.0,910.0,0.9190175983428674,0.1985917730091024,-0.34054069012264754
805,mu-,13,700.0,0.0,30.0,910.0,0.34926799142258497,-0.48510501978685894,-0.801676362346567
806,mu-,13,700.0,0.0,30.0,910.0,-0.23762762085645095,0.7916803118736339,0.5628280355470654
807,mu-,13,700.0,0.0,30.0,910.0,0.19363301269059752,-0.1785433079498993,-0.9646909057219677
808,mu-,13,700.0,0.0,30.0,910.0,0.01902080453585983,0.5024549271770322,-0.864394154972332
809,mu-,13,700.0,0.0,30.0,910.0,-0.6403418399113546,-0.3222824300241909,0.6972061125353417
810,mu-,13,700.0,0.0,30.0,910.0,0.19195453440849644,-0.9737236175384929,-0.12253886472367914
811,mu-,13,700.0,0.0,30.0,910.0,-0.4847267753060936,-0.2560171480199087,0.8363582804164182
812,mu-,13,700.0,0.0,30.0,910.0,0.4880937617642514,0.2255329660552724,0.8431484809623591
813,mu-,13,700.0,0.0,30.0,910.0,-0.38846503574445107,-0.9206393762320468,0.03896222446332054
814,mu-,13,700.0,0.0,30.0,910.0,-0.7132013485698234,0.10943486766336785,0.6923639549671012
815,mu-,13,700.0,0.0,30.0,910.0,-0.23315556977013716,0.9376320378991888,0.25784615915343134
816,mu-,13,700.0,0.0,30.0,910.0,-0.7821850815746165,-0.4204946693060482,0.4597507272939412
817,mu-,13,700.0,0.0,30.0,910.0,-0.19615324049333524,-0.03513267972677087,0.9799436723910104
818,mu-,13,700.0,0.0,30.0,910.0,0.21079193117761516,-0.7598473457866063,-0.6149786767453496
819,mu-,13,700.0,0.0,30.0,910.0,0.6771317172400185,0.7293119148734075,-0.09796309678275317
820,mu-,13,700.0,0.0,30.0,910.0,-0.3805946098592077,0.011342628658036896,0.9246724218452951
821,mu-,13,700.0,0.0,30.0,910.0,0.22457486272981675,0.7130412856590062,-0.6641823966167995
822,mu-,13,700.0,0.0,30.0,910.0,0.7807310087572629,-0.38585538448533174,-0.49150250683851415
823,mu-,13,700.0,0.0,30.0,910.0,0.7617560154965946,0.1697383299892649,0.6252332942088157
824,mu-,13,700.0,0.0,30.0,910.0,-0.43292174165239256,0.8071365079624155,0.401384383252384
825,mu-,13,700.0,0.0,30.0,910.0,-0.0439738033634635,-0.9911979802296945,-0.12487140828198195
826,mu-,13,700.0,0.0,30.0,910.0,-0.2376913312665037,0.8787017818313486,-0.4139879341806598
827,mu-,13,700.0,0.0,30.0,910.0,0.12009952720102002,-0.4930081912336052,0.861695437461903
828,mu-,13,700.0,0.0,30.0,910.0,-0.03263048481408178,-0.7484573678376776,0.6623796645355995
829,mu-,13,700.0,0.0,30.0,910.0,0.011610594922828016,-0.39292133596714224,0.9194987862022082
830,mu-,13,700.0,0.0,30.0,910.0,-0.22249484804832317,0.8418983881841938,0.49163314225630694
831,mu-,13,700.0,0.0,30.0,910.0,0.8419113789244592,-0.35159222967577175,0.40935086914422825
832,mu-,13,700.0,0.0,30.0,910.0,-0.19761540564472185,-0.969988882924962,0.14166763375540747
833,mu-,13,700.0,0.0,30.0,910.0,-0.7422108609652455,0.16478409613247808,-0.6495915944091575
834,mu-,13,700.0,0.0,30.0,910.0,-0.12501883421170018,-0.9904093477146124,0.058818492431064184
835,mu-,13,700.0,0.0,30.0,910.0,0.08409386512063194,0.9957284239200879,0.0381199114202897
836,mu-,13,700.0,0.0,30.0,910.0,-0.23470780156617368,0.024372237056516314,0.9717603829879229
837,mu-,13,700.0,0.0,30.0,910.0,0.34991464256135285,-0.5430386780629706,-0.7633274114354744
838,mu-,13,700.0,0.0,30.0,910.0,0.9181662637343831,-0.291333259024429,-0.26850632083109005
839,mu-,13,700.0,0.0,30.0,910.0,0.025472978787993542,-0.3429391779512148,-0.9390121658305666
840,mu-,13,700.0,0.0,30.0,910.0,-0.2016157538199669,-0.9112121069676602,0.3592263686412285
841,mu-,13,700.0,0.0,30.0,910.0,-0.37590356824892524,-0.01018738815905317,-0.926602786797138
842,mu-,13,700.0,0.0,30.0,910.0,-0.3048001623741367,0.9523775818425299,0.008590845154882176
843,mu-,13,700.0,0.0,30.0,910.0,-0.43033973078781834,-0.3713384674405845,-0.8227487214844798
844,mu-,13,700.0,0.0,30.0,910.0,0.9593714032701063,-0.08807071291228467,-0.26804861520751966
845,mu-,13,700.0,0.0,30.0,910.0,-0.654994579979991,0.5368328671321636,-0.5317824489050913
846,mu-,13,700.0,0.0,30.0,910.0,0.6305300127888961,0.7085399749834433,0.3168643350440312
847,mu-,13,700.0,0.0,30.0,910.0,0.6064749627386042,0.3775412635886199,-0.6997504654225797
848,mu-,13,700.0,0.0,30.0,910.0,0.1606674693555322,-0.700167220512106,0.6956664629053502
849,mu-,13,700.0,0.0,30.0,910.0,-0.12463460971072039,0.6342301263145628,-0.7630323459311998
850,mu-,13,700.0,0.0,30.0,910.0,0.883509424831692,0.3367507592573908,0.3255918032953893
851,mu-,13,700.0,0.0,30.0,910.0,0.178894678099049,0.4425441825312536,-0.8787214238059649
852,mu-,13,700.0,0.0,30.0,910.0,0.00863641801343543,0.8329642616909136,0.5532593885598402
853,mu-,13,700.0,0.0,30.0,910.0,0.44986288330446716,0.7438493275395727,0.49427883238503845
854,mu-,13,700.0,0.0,30.0,910.0,-0.44072597345359776,-0.8566128383665718,0.26828168306640743
855,mu-,13,700.0,0.0,30.0,910.0,0.43999456493393185,0.8537679160974059,0.27836150644672997
856,mu-,13,700.0,0.0,30.0,910.0,-0.01632947817860068,0.997479927701406,-0.06904449272181257
857,mu-,13,700.0,0.0,30.0,910.0,-0.46175367018023533,0.8134471838254489,-0.3536767269718617
858,mu-,13,700.0,0.0,30.0,910.0,0.2245196412017837,0.5286798040466194,0.8185893937181512
859,mu-,13,700.0,0.0,30.0,910.0,0.19470566989406696,-0.9583765380903722,-0.20881597963043008
860,mu-,13,700.0,0.0,30.0,910.0,0.09386648731210295,-0.5331225320529498,-0.8408147527114034
861,mu-,13,700.0,0.0,30.0,910.0,-0.42810282584388487,-0.400934711056203,0.8099255076701557
862,mu-,13,700.0,0.0,30.0,910.0,-0.5050763031468019,0.14713498651461704,0.8504406056526836
863,mu-,13,700.0,0.0,30.0,910.0,0.8301376244647855,-0.020153155974875173,0.5571941984193798
864,mu-,13,700.0,0.0,30.0,910.0,-0.9570052852871802,0.28990817634148724,-0.009702227721300138
865,mu-,13,700.0,0.0,30.0,910.0,-0.14195876679316846,-0.40038684661073703,0.9052834261112224
866,mu-,13,700.0,0.0,30.0,910.0,-0.7937078342085545,0.6082347641785082,0.008851302767402869
867,mu-,13,700.0,0.0,30.0,910.0,0.8872079379139334,-0.1556616197928946,0.43431732066077977
868,mu-,13,700.0,0.0,30.0,910.0,-0.9743461982289807,0.2249347280828262,0.007338535210575037
869,mu-,13,700.0,0.0,30.0,910.0,0.9669912442272008,0.25437711790305084,0.01483965886627625
870,mu-,13,700.0,0.0,30.0,910.0,-0.12380936071027436,-0.7518526535745815,0.6476023699102509
871,mu-,13,700.0,0.0,30.0,910.0,-0.3136817522673488,-0.9146573553355121,0.2549621160587048
872,mu-,13,700.0,0.0,30.0,910.0,-0.7190692830198189,0.3194790686410924,0.6171486781299818
873,mu-,13,700.0,0.0,30.0,910.0,0.057223948040219075,0.9879516905457341,0.1437945649825343
874,mu-,13,700.0,0.0,30.0,910.0,-0.5804029475949454,-0.8063179725793352,0.1139462395985471
875,mu-,13,700.0,0.0,30.0,910.0,0.33326333157446064,0.9344398978858125,0.12552939523093154
876,mu-,13,700.0,0.0,30.0,910.0,0.8684823392906617,0.2213400788254682,-0.44356171593787885
877,mu-,13,700.0,0.0,30.0,910.0,-0.8706037526446104,-0.4655892769445413,-0.15898343019126604
878,mu-,13,700.0,0.0,30.0,910.0,-0.4642347242493007,-0.8359209950616631,-0.29278355626007246
879,mu-,13,700.0,0.0,30.0,910.0,-0.9556668252192279,0.1814208345541998,-0.23192110720040038
880,mu-,13,700.0,0.0,30.0,910.0,-0.7859906218401003,-0.16225461756177748,-0.596566996622587
881,mu-,13,700.0,0.0,30.0,910.0,0.1500164808160721,0.8101885830130596,-0.5666476113413448
882,mu-,13,700.0,0.0,30.0,910.0,-0.6452748406876873,-0.750613444315313,-0.14212613126579599
883,mu-,13,700.0,0.0,30.0,910.0,0.13904751807796023,0.9898522418994189,0.029297216984786933
884,mu-,13,700.0,0.0,30.0,910.0,-0.2911274846828788,-0.9462403852115425,0.14097489513006112
885,mu-,13,700.0,0.0,30.0,910.0,0.5936699782041981,0.5632494877073487,-0.5747225170257697
886,mu-,13,700.0,0.0,30.0,910.0,-0.37108472166858686,0.5669568864795522,0.7354291388145833
887,mu-,13,700.0,0.0,30.0,910.0,-0.9898445599152592,0.0721150320306533,0.12250375243797529
888,mu-,13,700.0,0.0,30.0,910.0,-0.3928534652896374,0.9193040798641916,0.02337014238244417
889,mu-,13,700.0,0.0,30.0,910.0,-0.22844352630443357,-0.6792207797039295,-0.697475940594356
890,mu-,13,700.0,0.0,30.0,910.0,0.8599982302127523,-0.36366492985067955,0.35798165152369776
891,mu-,13,700.0,0.0,30.0,910.0,0.5894260870445261,-0.8078087796591281,-0.004675833295660237
892,mu-,13,700.0,0.0,30.0,910.0,0.9970391915958375,-0.07664187787191885,0.0062348198197419435
893,mu-,13,700.0,0.0,30.0,910.0,-0.23099691794342211,0.7092922206176181,-0.6659917189214652
894,mu-,13,700.0,0.0,30.0,910.0,-0.7425611214058656,0.3965775884699837,0.539749198517048
895,mu-,13,700.0,0.0,30.0,910.0,0.7497284868756166,-0.649532496344646,0.12654932698157917
896,mu-,13,700.0,0.0,30.0,910.0,0.750820580785701,0.32886713189642813,-0.5728131152713247
897,mu-,13,700.0,0.0,30.0,910.0,-0.19259822359425585,-0.17768672633181162,-0.9650561390685108
898,mu-,13,700.0,0.0,30.0,910.0,0.02987837257542712,0.4526825485305835,0.8911710234899359
899,mu-,13,700.0,0.0,30.0,910.0,-0.8987517521097984,0.4383244135429415,0.010816495356807732
900,mu-,13,700.0,0.0,30.0,910.0,0.4440168566415239,-0.8959215702077662,-0.013174636793140015
901,mu-,13,700.0,0.0,30.0,910.0,-0.5486902230051423,-0.32184479311517644,0.771592488508809
902,mu-,13,700.0,0.0,30.0,910.0,0.8335110177205352,-0.5498098272659944,-0.054484283790972254
903,mu-,13,700.0,0.0,30.0,910.0,-0.3263492867415255,0.9384793708862081,-0.11292746992793434
904,mu-,13,700.0,0.0,30.0,910.0,-0.5280856382659839,-0.8480757104879177,-0.0435103198979494
905,mu-,13,700.0,0.0,30.0,910.0,-0.02592439423092772,-0.847123153888735,-0.530763872102616
906,mu-,13,700.0,0.0,30.0,910.0,0.8995638020117613,0.35634305743792494,-0.25259570765540795
907,mu-,13,700.0,0.0,30.0,910.0,0.6889541618057369,-0.6071369734535884,0.3958874314703249
908,mu-,13,700.0,0.0,30.0,910.0,0.5707811950907897,-0.0650401407528513,0.8185222094858386
909,mu-,13,700.0,0.0,30.0,910.0,0.4202063910430503,-0.07014480618329967,-0.9047133773146512
910,mu-,13,700.0,0.0,30.0,910.0,0.4624534917976144,-0.3795326398029699,0.8013062730619191
911,mu-,13,700.0,0.0,30.0,910.0,-0.08444252263981224,-0.1559970721116535,-0.9841414399682682
912,mu-,13,700.0,0.0,30.0,910.0,0.6469640937286726,-0.4641753994161294,-0.6049617012693564
913,mu-,13,700.0,0.0,30.0,910.0,0.8365887912810611,0.31393163524560963,-0.44896115945024784
914,mu-,13,700.0,0.0,30.0,910.0,-0.3483306143918844,-0.9209722346562502,0.1745735548977705
915,mu-,13,700.0,0.0,30.0,910.0,-0.8478484390201466,0.5260854207538908,0.06623559859548789
916,mu-,13,700.0,0.0,30.0,910.0,-0.08397275034476419,-0.49645320096432294,-0.8639923590239751
917,mu-,13,700.0,0.0,30.0,910.0,-0.1595226400460169,-0.08654252785671179,-0.9833935723731975
918,mu-,13,700.0,0.0,30.0,910.0,-0.5703947210736451,0.1641250060473571,-0.8048060912799266
919,mu-,13,700.0,0.0,30.0,910.0,0.023201562612129068,0.9861613728034402,0.16415673694000477
920,mu-,13,700.0,0.0,30.0,910.0,-0.03274617916913606,0.860208855751427,0.5088893909649164
921,mu-,13,700.0,0.0,30.0,910.0,-0.5323842021363622,0.42496320018745304,0.7321020009548314
922,mu-,13,700.0,0.0,30.0,910.0,-0.8842573325759793,0.27980195461080676,0.3738981625811848
923,mu-,13,700.0,0.0,30.0,910.0,0.7784678087903639,0.5139843741980502,-0.36028868113967727
924,mu-,13,700.0,0.0,30.0,910.0,0.9240249991892365,0.31030857080847213,0.2233526175269387
925,mu-,13,700.0,0.0,30.0,910.0,-0.829926380829255,0.5543112871573566,-0.06293805949986941
926,mu-,13,700.0,0.0,30.0,910.0,-0.008425222306602469,0.9094601382035041,-0.41570575248358943
927,mu-,13,700.0,0.0,30.0,910.0,0.7336863223726142,-0.6789980678068613,-0.025807058683571915
928,mu-,13,700.0,0.0,30.0,910.0,-0.2844630792587997,0.7570371704487969,0.5881968030323532
929,mu-,13,700.0,0.0,30.0,910.0,-0.6696565377134475,-0.7180790655668052,0.18953252251880648
930,mu-,13,700.0,0.0,30.0,910.0,-0.6328144483052001,-0.6339500811771205,0.4445820155963438
931,mu-,13,700.0,0.0,30.0,910.0,0.30206376176779054,0.38133466530193516,-0.8736940865461735
932,mu-,13,700.0,0.0,30.0,910.0,-0.06316616598206816,0.8141718368186301,0.5771778370714729
933,mu-,13,700.0,0.0,30.0,910.0,0.9356037588426682,0.3254622143813859,0.1368208808970146
934,mu-,13,700.0,0.0,30.0,910.0,-0.2329130342116246,0.958856401339919,0.16231426340218835
935,mu-,13,700.0,0.0,30.0,910.0,0.3989078717987544,0.037553977725576095,-0.9162217027411954
936,mu-,13,700.0,0.0,30.0,910.0,-0.8481915635248309,-0.08534360669261044,-0.522769108079274
937,mu-,13,700.0,0.0,30.0,910.0,0.8474290530873436,0.1652495997571266,0.5045359945173362
938,mu-,13,700.0,0.0,30.0,910.0,-0.5097900283981059,0.8601730046719779,0.014714923698065485
939,mu-,13,700.0,0.0,30.0,910.0,-0.292922092063856,-0.9317913354022973,0.2143864623760967
940,mu-,13,700.0,0.0,30.0,910.0,0.008963446766215074,0.5552495587124103,-0.8316354875615535
941,mu-,13,700.0,0.0,30.0,910.0,-0.3483249312956329,-0.5781033059402388,0.7378796039320095
942,mu-,13,700.0,0.0,30.0,910.0,-0.7245349962378322,-0.17664813408902535,-0.666216538333829
943,mu-,13,700.0,0.0,30.0,910.0,0.5437760858060765,0.7936970655505781,-0.2726766155023641
944,mu-,13,700.0,0.0,30.0,910.0,-0.9643987183730843,-0.18663423818386626,-0.18735734076326005
945,mu-,13,700.0,0.0,30.0,910.0,0.7042819414641909,-0.6366411931907893,0.31412567239886346
946,mu-,13,700.0,0.0,30.0,910.0,0.8894951794245267,-0.0654089618914017,-0.45223886772901145
947,mu-,13,700.0,0.0,30.0,910.0,-0.5787243127332724,-0.7714356836645428,-0.26450927360004006
948,mu-,13,700.0,0.0,30.0,910.0,-0.9280010270555882,0.3082557326972101,-0.20926656933939425
949,mu-,13,700.0,0.0,30.0,910.0,-0.04794730944369929,-0.9260543490215872,0.37433193582075575
950,mu-,13,700.0,0.0,30.0,910.0,0.4993834968434026,0.07150436423458074,-0.8634253001712793
951,mu-,13,700.0,0.0,30.0,910.0,-0.391394896105038,0.868012805603325,-0.3055549125960353
952,mu-,13,700.0,0.0,30.0,910.0,0.9354956586266246,-0.3363771291697112,-0.1081586781644499
953,mu-,13,700.0,0.0,30.0,910.0,0.13038356440346635,0.9080181363676236,-0.3981245912536864
954,mu-,13,700.0,0.0,30.0,910.0,-0.49278351857047376,0.8591594944224998,-0.13787446090185873
955,mu-,13,700.0,0.0,30.0,910.0,-0.9714878496921332,-0.1582624657997126,-0.17653427378146747
956,mu-,13,700.0,0.0,30.0,910.0,0.025419433616404318,-0.6332285469074902,-0.7735473222602802
957,mu-,13,700.0,0.0,30.0,910.0,0.02136002944232474,-0.9636586466245038,0.26628135858158153
958,mu-,13,700.0,0.0,30.0,910.0,0.44730168487564204,0.8864353128339705,-0.11896906685501363
959,mu-,13,700.0,0.0,30.0,910.0,0.6081191894201737,-0.628537986434106,0.4849031357583804
960,mu-,13,700.0,0.0,30.0,910.0,-0.10827312389706903,-0.6114142747262642,0.7838683022692818
961,mu-,13,700.0,0.0,30.0,910.0,-0.1771397895160595,0.6383889199574655,-0.7490534572684027
962,mu-,13,700.0,0.0,30.0,910.0,0.8954837481509901,0.2306267629834515,0.3806837965992631
963,mu-,13,700.0,0.0,30.0,910.0,-0.6824828352892858,0.5882244821670123,-0.4338307712862792
964,mu-,13,700.0,0.0,30.0,910.0,0.7936926675998025,0.13654194930186772,0.59279696817642
965,mu-,13,700.0,0.0,30.0,910.0,-0.5811276659767113,-0.6764949531363307,-0.4523772918897826
966,mu-,13,700.0,0.0,30.0,910.0,-0.04941667969974053,0.12778106402037703,-0.9905705383491241
967,mu-,13,700.0,0.0,30.0,910.0,-0.8605195741054591,0.19183876017649976,0.47191519648693525
968,mu-,13,700.0,0.0,30.0,910.0,0.02479257145802487,0.8742271867643664,0.4848836502941303
969,mu-,13,700.0,0.0,30.0,910.0,0.4998609007754986,0.7536427897833949,0.4268039658712286
970,mu-,13,700.0,0.0,30.0,910.0,0.23847832503925034,-0.9360783024157265,0.2586223119395643
971,mu-,13,700.0,0.0,30.0,910.0,-0.09347787000033085,0.4752395754704349,-0.8748766962989025
972,mu-,13,700.0,0.0,30.0,910.0,0.7018680582251182,-0.6271157808052951,-0.33779731542489655
973,mu-,13,700.0,0.0,30.0,910.0,-0.43005020235002633,0.2680897839724259,-0.8620816035552084
974,mu-,13,700.0,0.0,30.0,910.0,0.11493032708755849,0.07497904908722859,0.9905398336833919
975,mu-,13,700.0,0.0,30.0,910.0,0.3708893526264581,0.18286479689437132,0.9104952246800129
976,mu-,13,700.0,0.0,30.0,910.0,-0.9461319952985533,0.31194513557291575,0.08674375980307492
977,mu-,13,700.0,0.0,30.0,910.0,-0.2070264434210796,0.9069727762387939,0.36679753936758286
978,mu-,13,700.0,0.0,30.0,910.0,0.6687475121839431,-0.741319437405211,-0.05676492467191596
979,mu-,13,700.0,0.0,30.0,910.0,0.5837009030611021,-0.4517226754321872,-0.6747146658151435
980,mu-,13,700.0,0.0,30.0,910.0,0.2684497475061121,0.5219616225183037,-0.8096238618531229
981,mu-,13,700.0,0.0,30.0,910.0,-0.8101721603036304,-0.19744644618420318,-0.5519383765948669
982,mu-,13,700.0,0.0,30.0,910.0,-0.9091492599663106,0.17148513096693221,-0.3795266432807638
983,mu-,13,700.0,0.0,30.0,910.0,-0.1506335730349859,0.44882223679362043,-0.8808337677645453
984,mu-,13,700.0,0.0,30.0,910.0,0.10254633564288662,0.09870573104898743,-0.9898188863142092
985,mu-,13,700.0,0.0,30.0,910.0,-0.8878303092927067,-0.3339257257456764,0.31662430668923713
986,mu-,13,700.0,0.0,30.0,910.0,0.9844657122507019,0.1584781656982317,-0.07557732728564881
987,mu-,13,700.0,0.0,30.0,910.0,0.698673943701843,0.4945279974179194,0.5170075242798078
988,mu-,13,700.0,0.0,30.0,910.0,-0.7646734767098587,0.5068651345120361,0.39794749582395017
989,mu-,13,700.0,0.0,30.0,910.0,0.5462866755291435,0.38338667172317065,0.7447049939971842
990,mu-,13,700.0,0.0,30.0,910.0,0.9219252249363351,0.2482655789493561,-0.2973517814559532
991,mu-,13,700.0,0.0,30.0,910.0,-0.3626475420606768,-0.3213846638693706,0.8747563421130031
992,mu-,13,700.0,0.0,30.0,910.0,0.5011047350166983,0.8030285010810576,-0.3225511912787711
993,mu-,13,700.0,0.0,30.0,910.0,-0.383337230058198,0.4914565954728083,0.7819993496273412
994,mu-,13,700.0,0.0,30.0,910.0,-0.6504946131520771,0.12966170841704266,-0.7483612761430827
995,mu-,13,700.0,0.0,30.0,910.0,0.40207645830950267,-0.8739019075844388,-0.2731848780470212
996,mu-,13,700.0,0.0,30.0,910.0,0.049266514001798836,-0.47362271482877283,-0.8793488128133986
997,mu-,13,700.0,0.0,30.0,910.0,0.5838636593466999,0.2328203900471124,0.7777518198452456
998,mu-,13,700.0,0.0,30.0,910.0,-0.14033936751600243,-0.9226177891908125,0.35927882903653807
999,mu-,13,700.0,0.0,30.0,910.0,0.5797343135338463,-0.6308289293603268,0.5157159950918178
